Начало простоя,Длительность,Название детали,Поломка
2020-01-08 02:04:44,4,Дроссели - №17,1
2020-01-09 02:04:44,0,Нет поломки,0
2020-01-10 02:04:44,0,Нет поломки,0
2020-01-11 02:04:44,0,Нет поломки,0
2020-01-12 02:04:44,0,Нет поломки,0
2020-01-13 02:04:44,0,Нет поломки,0
2020-01-14 02:04:44,0,Нет поломки,0
2020-01-15 02:04:44,0,Нет поломки,0
2020-01-16 02:04:44,0,Нет поломки,0
2020-01-17 02:04:44,0,Нет поломки,0
2020-01-18 02:04:44,0,Нет поломки,0
2020-01-19 02:04:44,0,Нет поломки,0
2020-01-20 02:04:44,0,Нет поломки,0
2020-01-21 02:04:44,0,Нет поломки,0
2020-01-22 02:04:44,0,Нет поломки,0
2020-01-23 02:04:44,0,Нет поломки,0
2020-01-24 02:04:44,0,Нет поломки,0
2020-01-25 02:04:44,0,Нет поломки,0
2020-01-26 02:04:44,0,Нет поломки,0
2020-01-27 02:04:44,0,Нет поломки,0
2020-01-28 09:11:45,9,Ролик - №1,1
2020-01-29 09:11:45,0,Нет поломки,0
2020-01-30 09:11:45,0,Нет поломки,0
2020-01-31 09:11:45,0,Нет поломки,0
2020-02-01 09:11:45,0,Нет поломки,0
2020-02-02 09:11:45,0,Нет поломки,0
2020-02-03 09:11:45,0,Нет поломки,0
2020-02-04 09:11:45,0,Нет поломки,0
2020-02-05 10:40:01,2,Дроссель - №89,1
2020-02-06 10:59:58,4,Дроссель - №105,1
2020-02-06 19:02:48,2,Тормозная пластина - №76,1
2020-02-08 04:00:32,7,Пластина и дроссель -,1
2020-02-09 04:00:32,0,Нет поломки,0
2020-02-10 04:00:32,0,Нет поломки,0
2020-02-11 04:00:32,0,Нет поломки,0
2020-02-12 04:00:32,0,Нет поломки,0
2020-02-13 04:00:32,0,Нет поломки,0
2020-02-14 04:00:32,0,Нет поломки,0
2020-02-15 04:00:32,0,Нет поломки,0
2020-02-16 04:00:32,0,Нет поломки,0
2020-02-17 04:00:32,0,Нет поломки,0
2020-02-18 04:00:32,0,Нет поломки,0
2020-02-19 04:00:32,0,Нет поломки,0
2020-02-20 04:00:32,0,Нет поломки,0
2020-02-21 04:00:32,0,Нет поломки,0
2020-02-22 04:00:32,0,Нет поломки,0
2020-02-23 04:00:32,0,Нет поломки,0
2020-02-24 04:00:32,0,Нет поломки,0
2020-02-25 04:00:32,0,Нет поломки,0
2020-02-26 04:00:32,0,Нет поломки,0
2020-02-27 04:35:28,2,-,1
2020-02-28 20:47:37,4,Тормозная пластина - №93,1
2020-02-28 21:27:07,4,Тормозная пластина - №66,1
2020-02-29 21:27:07,0,Нет поломки,0
2020-03-01 21:27:07,0,Нет поломки,0
2020-03-02 21:27:07,0,Нет поломки,0
2020-03-04 03:57:44,3,Дроссели - №52,1
2020-03-05 03:57:44,0,Нет поломки,0
2020-03-06 03:57:44,0,Нет поломки,0
2020-03-07 03:57:44,0,Нет поломки,0
2020-03-08 03:57:44,0,Нет поломки,0
2020-03-09 03:57:44,0,Нет поломки,0
2020-03-10 03:57:44,0,Нет поломки,0
2020-03-11 03:57:44,0,Нет поломки,0
2020-03-12 03:57:44,0,Нет поломки,0
2020-03-13 03:57:44,0,Нет поломки,0
2020-03-14 03:57:44,0,Нет поломки,0
2020-03-15 03:57:44,0,Нет поломки,0
2020-03-16 10:26:16,7,Дроссели - №98,1
2020-03-16 10:54:31,4,Тормозная пластина - №98,1
2020-03-17 10:54:31,0,Нет поломки,0
2020-03-18 10:54:31,0,Нет поломки,0
2020-03-19 10:54:31,0,Нет поломки,0
2020-03-20 10:54:31,0,Нет поломки,0
2020-03-21 10:54:31,0,Нет поломки,0
2020-03-22 10:54:31,0,Нет поломки,0
2020-03-24 09:55:33,4,Прижимной колпак - №105,1
2020-03-24 10:33:28,5,Дроссели - №105,1
2020-03-24 10:52:25,4,Тормозная пластина - №105,1
2020-03-25 09:07:01,5,Дроссели - №93,1
2020-03-26 09:07:01,0,Нет поломки,0
2020-03-27 09:07:01,0,Нет поломки,0
2020-03-28 09:07:01,0,Нет поломки,0
2020-03-30 02:34:05,7,Дроссель - №72,1
2020-04-01 00:53:40,5,Тормозная пластина - №93,1
2020-04-02 00:53:40,0,Нет поломки,0
2020-04-03 00:53:40,0,Нет поломки,0
2020-04-04 00:53:40,0,Нет поломки,0
2020-04-05 00:53:40,0,Нет поломки,0
2020-04-06 00:53:40,0,Нет поломки,0
2020-04-07 00:53:40,0,Нет поломки,0
2020-04-08 21:31:21,6,Домино -,1
2020-04-08 22:11:07,3,Тормозная пластина - №101,1
2020-04-08 22:28:07,5,Дроссель - №101,1
2020-04-08 22:43:19,6,Прижимной колокол - №101,1
2020-04-09 02:50:17,4,Прижимной колокол - №99,1
2020-04-10 02:50:17,0,Нет поломки,0
2020-04-11 02:50:17,0,Нет поломки,0
2020-04-12 02:50:17,0,Нет поломки,0
2020-04-13 02:50:17,0,Нет поломки,0
2020-04-14 02:50:17,0,Нет поломки,0
2020-04-15 02:50:17,0,Нет поломки,0
2020-04-16 02:50:17,0,Нет поломки,0
2020-04-17 02:50:17,0,Нет поломки,0
2020-04-18 18:41:17,7,"Тормозные пластины - №41, 48",1
2020-04-19 18:41:17,0,Нет поломки,0
2020-04-20 18:41:17,0,Нет поломки,0
2020-04-21 18:41:17,0,Нет поломки,0
2020-04-22 18:41:17,0,Нет поломки,0
2020-04-23 18:41:17,0,Нет поломки,0
2020-04-24 18:41:17,0,Нет поломки,0
2020-04-25 18:41:17,0,Нет поломки,0
2020-04-26 18:41:17,0,Нет поломки,0
2020-04-27 18:41:17,0,Нет поломки,0
2020-04-28 18:41:17,0,Нет поломки,0
2020-04-30 00:26:13,3,Прижимная резинка - №70,1
2020-04-30 00:31:48,2,Дроссель - №50,1
2020-04-30 00:35:26,6,Тормозная пластина - №50,1
2020-04-30 01:23:52,3,Тормозная пластина - №41,1
2020-05-01 01:23:52,0,Нет поломки,0
2020-05-02 01:23:52,0,Нет поломки,0
2020-05-03 01:23:52,0,Нет поломки,0
2020-05-04 01:23:52,0,Нет поломки,0
2020-05-05 01:23:52,0,Нет поломки,0
2020-05-06 01:23:52,0,Нет поломки,0
2020-05-07 10:42:51,5,Тормозная пластина -,1
2020-05-07 10:53:56,5,Дроссель и уплотнительная резина - №106,1
2020-05-07 23:01:49,3,Дроссели - №80,1
2020-05-08 03:45:27,4,Прижимной колпак - №80,1
2020-05-09 03:45:27,0,Нет поломки,0
2020-05-10 03:45:27,0,Нет поломки,0
2020-05-11 03:45:27,0,Нет поломки,0
2020-05-12 03:45:27,0,Нет поломки,0
2020-05-13 03:45:27,0,Нет поломки,0
2020-05-14 23:06:22,5,-,1
2020-05-16 14:11:27,2,Тормозная пластина - №21,1
2020-05-17 14:11:27,0,Нет поломки,0
2020-05-18 14:11:27,0,Нет поломки,0
2020-05-19 14:11:27,0,Нет поломки,0
2020-05-20 14:11:27,0,Нет поломки,0
2020-05-21 14:11:27,0,Нет поломки,0
2020-05-22 14:11:27,0,Нет поломки,0
2020-05-23 20:12:35,5,Тормозная пластина - №35,1
2020-05-24 20:12:35,0,Нет поломки,0
2020-05-25 20:12:35,0,Нет поломки,0
2020-05-26 20:12:35,0,Нет поломки,0
2020-05-27 20:12:35,0,Нет поломки,0
2020-05-28 20:12:35,0,Нет поломки,0
2020-05-29 20:12:35,0,Нет поломки,0
2020-05-30 20:12:35,0,Нет поломки,0
2020-05-31 20:12:35,0,Нет поломки,0
2020-06-01 20:12:35,0,Нет поломки,0
2020-06-02 20:12:35,0,Нет поломки,0
2020-06-03 20:12:35,0,Нет поломки,0
2020-06-05 05:54:41,5,Тормозная пластина -,1
2020-06-05 16:25:02,3,Дроссели - №48,1
2020-06-06 16:25:02,0,Нет поломки,0
2020-06-08 00:24:08,4,"Дроссели - №37, 55",1
2020-06-08 00:32:55,3,Дроссель - №37,1
2020-06-08 02:20:20,5,Тормозная пластина - №41,1
2020-06-09 02:20:20,0,Нет поломки,0
2020-06-10 02:20:20,0,Нет поломки,0
2020-06-11 02:20:20,0,Нет поломки,0
2020-06-13 00:52:15,3,Тормозная пластина и дроссель - №55,1
2020-06-14 00:52:15,0,Нет поломки,0
2020-06-15 00:52:15,0,Нет поломки,0
2020-06-16 00:52:15,0,Нет поломки,0
2020-06-17 00:52:15,0,Нет поломки,0
2020-06-19 00:46:01,6,Дроссель - №81,1
2020-06-20 00:46:01,0,Нет поломки,0
2020-06-21 00:46:01,0,Нет поломки,0
2020-06-22 00:46:01,0,Нет поломки,0
2020-06-23 00:46:01,0,Нет поломки,0
2020-06-24 00:46:01,0,Нет поломки,0
2020-06-25 00:46:01,0,Нет поломки,0
2020-06-26 04:30:41,7,Наполнитель -,1
2020-06-27 04:30:41,0,Нет поломки,0
2020-06-28 04:30:41,0,Нет поломки,0
2020-06-29 04:30:41,0,Нет поломки,0
2020-06-30 04:30:41,0,Нет поломки,0
2020-07-01 18:29:35,3,Дроссель - №100,1
2020-07-02 18:29:35,0,Нет поломки,0
2020-07-03 18:29:35,0,Нет поломки,0
2020-07-04 18:29:35,0,Нет поломки,0
2020-07-05 18:29:35,0,Нет поломки,0
2020-07-06 18:29:35,0,Нет поломки,0
2020-07-07 18:29:35,0,Нет поломки,0
2020-07-08 18:29:35,0,Нет поломки,0
2020-07-09 21:48:40,5,"Тормозные пластины - №73, 61",1
2020-07-09 21:58:07,3,Тормозная пластина - №48,1
2020-07-09 23:09:13,6,"Дроссели - №61, 73",1
2020-07-09 23:37:33,3,Дроссель - №42,1
2020-07-09 23:45:33,3,Дроссели - №48,1
2020-07-10 05:04:49,3,Дроссели - №14,1
2020-07-10 05:44:58,4,Тормозная пластина - №14,1
2020-07-10 05:48:52,4,Прижимной колпак - №73,1
2020-07-10 06:43:40,3,Прижимной колпак - №14,1
2020-07-11 08:24:43,5,"Тормозная пластина и дроссели - №90, 73",1
2020-07-13 03:05:58,3,Дроссель нагрузки - №42,1
2020-07-14 04:58:52,11,Датчик уровня котла -,1
2020-07-15 04:58:52,0,Нет поломки,0
2020-07-16 04:58:52,0,Нет поломки,0
2020-07-17 04:58:52,0,Нет поломки,0
2020-07-18 04:58:52,0,Нет поломки,0
2020-07-19 07:51:53,2,Кран - №22,1
2020-07-19 13:08:26,4,"Сбросные дроссели - №47, 54",1
2020-07-20 13:08:26,0,Нет поломки,0
2020-07-22 03:16:13,2,"Сбросной дроссель - №108, 12",1
2020-07-22 03:21:13,4,"Сбросной дроссель - №108, 12",1
2020-07-22 04:39:07,3,Сбросной дроссель - №96,1
2020-07-22 14:52:56,6,Кран - №69,1
2020-07-23 14:52:56,0,Нет поломки,0
2020-07-24 14:52:56,0,Нет поломки,0
2020-07-25 14:52:56,0,Нет поломки,0
2020-07-26 14:52:56,0,Нет поломки,0
2020-07-27 14:52:56,0,Нет поломки,0
2020-07-29 04:30:36,6,Дроссель нагрузки - №104,1
2020-07-29 04:37:20,6,Пластина и феродо - №104,1
2020-07-30 04:37:20,0,Нет поломки,0
2020-07-31 04:37:20,0,Нет поломки,0
2020-08-01 04:37:20,0,Нет поломки,0
2020-08-02 04:37:20,0,Нет поломки,0
2020-08-03 04:37:20,0,Нет поломки,0
2020-08-04 04:37:20,0,Нет поломки,0
2020-08-05 04:37:20,0,Нет поломки,0
2020-08-06 04:37:20,0,Нет поломки,0
2020-08-07 04:37:20,0,Нет поломки,0
2020-08-08 04:37:20,0,Нет поломки,0
2020-08-09 04:37:20,0,Нет поломки,0
2020-08-11 00:33:56,4,"Дроссели - №82, 53",1
2020-08-11 00:48:37,4,"Дроссели - №12, 100",1
2020-08-11 01:15:06,3,"Дроссели - №85, 9",1
2020-08-11 06:11:02,4,Тормозная пластина - №20,1
2020-08-11 07:44:55,2,Нагнетательный дроссель - №52,1
2020-08-11 22:27:35,4,Дроссели - №73,1
2020-08-12 06:10:47,3,Дроссели - №49,1
2020-08-13 06:10:47,0,Нет поломки,0
2020-08-14 09:54:50,4,Тормозная пластина - №102,1
2020-08-15 09:54:50,0,Нет поломки,0
2020-08-16 11:28:54,3,Прижимной колпак - №73,1
2020-08-16 18:10:50,4,Нагнетательный дроссель - №100,1
2020-08-16 18:17:29,4,Сбросной дроссель - №100,1
2020-08-16 18:23:10,2,Тормозная пластина - №100,1
2020-08-16 18:26:24,4,Прижимная резинка - №100,1
2020-08-16 18:32:48,6,Прижимной колпак - №100,1
2020-08-16 19:05:09,3,Дроссели - №107,1
2020-08-18 06:01:51,7,-,1
2020-08-19 06:01:51,0,Нет поломки,0
2020-08-20 06:01:51,0,Нет поломки,0
2020-08-21 06:01:51,0,Нет поломки,0
2020-08-22 06:01:51,0,Нет поломки,0
2020-08-23 06:01:51,0,Нет поломки,0
2020-08-24 06:01:51,0,Нет поломки,0
2020-08-25 06:01:51,0,Нет поломки,0
2020-08-26 06:01:51,0,Нет поломки,0
2020-08-27 06:01:51,0,Нет поломки,0
2020-08-28 06:01:51,0,Нет поломки,0
2020-08-29 16:53:58,3,Дроссель CO2 - №44,1
2020-08-29 18:19:04,8,-,1
2020-08-30 18:19:04,0,Нет поломки,0
2020-08-31 18:19:04,0,Нет поломки,0
2020-09-02 04:19:26,7,-,1
2020-09-03 04:19:26,0,Нет поломки,0
2020-09-04 04:19:26,0,Нет поломки,0
2020-09-05 04:19:26,0,Нет поломки,0
2020-09-06 04:19:26,0,Нет поломки,0
2020-09-07 04:19:26,0,Нет поломки,0
2020-09-08 04:19:26,0,Нет поломки,0
2020-09-09 04:19:26,0,Нет поломки,0
2020-09-10 04:19:26,0,Нет поломки,0
2020-09-11 04:19:26,0,Нет поломки,0
2020-09-12 04:19:26,0,Нет поломки,0
2020-09-13 04:19:26,0,Нет поломки,0
2020-09-14 16:04:34,3,Дроссель CO2 - №53,1
2020-09-14 16:08:33,2,Дроссель CO2 - №53,1
2020-09-14 16:32:19,3,-,1
2020-09-14 16:38:31,5,-,1
2020-09-14 16:50:30,4,-,1
2020-09-14 17:01:13,6,-,1
2020-09-15 22:28:56,5,Уплотнительная резина на прижимном стакане - №51,1
2020-09-16 00:16:44,2,Тормозная пластина - №38,1
2020-09-17 09:14:14,5,Дроссели - №58,1
2020-09-18 09:14:14,0,Нет поломки,0
2020-09-19 09:14:14,0,Нет поломки,0
2020-09-20 09:14:14,0,Нет поломки,0
2020-09-21 09:14:14,0,Нет поломки,0
2020-09-22 09:14:14,0,Нет поломки,0
2020-09-23 09:14:14,0,Нет поломки,0
2020-09-24 10:42:48,19,-,1
2020-09-24 11:19:55,7,Датчик -,1
2020-09-24 12:46:26,38,Датчик -,1
2020-09-24 22:28:34,3,Углекислотный дроссель нагнетания - №44,1
2020-09-25 02:27:41,3,Датчик -,1
2020-09-26 02:27:41,0,Нет поломки,0
2020-09-27 02:27:41,0,Нет поломки,0
2020-09-28 02:27:41,0,Нет поломки,0
2020-09-29 02:27:41,0,Нет поломки,0
2020-09-30 03:59:25,8,-,1
2020-09-30 17:47:33,13,-,1
2020-10-02 14:14:31,4,Дроссели - №36,1
2020-10-02 14:38:24,3,Дроссели - №37,1
2020-10-03 14:38:24,0,Нет поломки,0
2020-10-04 14:38:24,0,Нет поломки,0
2020-10-05 14:38:24,0,Нет поломки,0
2020-10-06 14:38:24,0,Нет поломки,0
2020-10-08 00:48:59,3,Дроссель нагрузки - №108,1
2020-10-08 13:56:16,7,-,1
2020-10-09 13:56:16,0,Нет поломки,0
2020-10-10 13:56:16,0,Нет поломки,0
2020-10-11 13:56:16,0,Нет поломки,0
2020-10-12 14:27:50,5,Дроссель нагрузки - №95,1
2020-10-13 14:27:50,0,Нет поломки,0
2020-10-14 14:27:50,0,Нет поломки,0
2020-10-15 14:27:50,0,Нет поломки,0
2020-10-16 14:27:50,0,Нет поломки,0
2020-10-17 14:27:50,0,Нет поломки,0
2020-10-18 14:27:50,0,Нет поломки,0
2020-10-19 15:17:07,3,Дроссели - №81,1
2020-10-19 17:32:57,4,Дроссели - №66,1
2020-10-19 17:43:17,4,Дроссели - №106,1
2020-10-19 17:57:50,6,"Тормозные пластины - №81, 106",1
2020-10-19 18:14:46,6,-,1
2020-10-20 01:05:17,5,Тормозная пластина - №63,1
2020-10-21 03:07:25,5,Тормозная пластина - №93,1
2020-10-21 05:05:05,5,Тормозная пластина - №82,1
2020-10-22 05:05:05,0,Нет поломки,0
2020-10-23 05:05:05,0,Нет поломки,0
2020-10-24 05:05:05,0,Нет поломки,0
2020-10-25 05:05:05,0,Нет поломки,0
2020-10-26 05:05:05,0,Нет поломки,0
2020-10-27 05:05:05,0,Нет поломки,0
2020-10-28 05:05:05,0,Нет поломки,0
2020-10-29 05:05:05,0,Нет поломки,0
2020-10-30 05:05:05,0,Нет поломки,0
2020-10-31 05:05:05,0,Нет поломки,0
2020-11-01 05:05:05,0,Нет поломки,0
2020-11-02 05:05:05,0,Нет поломки,0
2020-11-03 05:05:05,0,Нет поломки,0
2020-11-04 05:05:05,0,Нет поломки,0
2020-11-05 05:05:05,0,Нет поломки,0
2020-11-06 05:05:05,0,Нет поломки,0
2020-11-07 05:05:05,0,Нет поломки,0
2020-11-08 05:05:05,0,Нет поломки,0
2020-11-09 05:05:05,0,Нет поломки,0
2020-11-10 05:05:05,0,Нет поломки,0
2020-11-11 05:05:05,0,Нет поломки,0
2020-11-12 05:05:05,0,Нет поломки,0
2020-11-13 05:05:05,0,Нет поломки,0
2020-11-14 15:50:41,7,Датчик -,1
2020-11-15 15:50:41,0,Нет поломки,0
2020-11-16 15:50:41,0,Нет поломки,0
2020-11-17 15:50:41,0,Нет поломки,0
2020-11-18 15:50:41,0,Нет поломки,0
2020-11-19 15:50:41,0,Нет поломки,0
2020-11-20 15:50:41,0,Нет поломки,0
2020-11-21 15:50:41,0,Нет поломки,0
2020-11-22 15:50:41,0,Нет поломки,0
2020-11-23 15:50:41,0,Нет поломки,0
2020-11-24 15:50:41,0,Нет поломки,0
2020-11-25 15:50:41,0,Нет поломки,0
2020-11-26 15:50:41,0,Нет поломки,0
2020-11-27 15:50:41,0,Нет поломки,0
2020-11-28 15:50:41,0,Нет поломки,0
2020-11-29 15:50:41,0,Нет поломки,0
2020-11-30 15:50:41,0,Нет поломки,0
2020-12-01 15:50:41,0,Нет поломки,0
2020-12-02 15:50:41,0,Нет поломки,0
2020-12-03 15:50:41,0,Нет поломки,0
2020-12-04 15:50:41,0,Нет поломки,0
2020-12-05 15:50:41,0,Нет поломки,0
2020-12-06 15:50:41,0,Нет поломки,0
2020-12-07 15:50:41,0,Нет поломки,0
2020-12-08 15:50:41,0,Нет поломки,0
2020-12-09 15:50:41,0,Нет поломки,0
2020-12-10 15:50:41,0,Нет поломки,0
2020-12-11 15:50:41,0,Нет поломки,0
2020-12-12 15:50:41,0,Нет поломки,0
2020-12-14 14:27:43,4,"Сбросные дроссели - №84, 86",1
2020-12-15 14:27:43,0,Нет поломки,0
2020-12-17 00:40:09,6,"Сбросные дроссели - №38, 96, 106, 107",1
2020-12-17 08:22:54,3,Сбросной дроссель - №41,1
2020-12-17 19:45:05,3,Углекислотный дроссель - №10,1
2020-12-18 19:45:05,0,Нет поломки,0
2020-12-19 19:45:05,0,Нет поломки,0
2020-12-20 19:45:05,0,Нет поломки,0
2020-12-22 11:45:06,3,Нагнетательный дроссель - №39,1
2020-12-23 11:45:06,0,Нет поломки,0
2020-12-24 22:28:08,3,Тормозная пластина - №73,1
2020-12-24 22:53:20,3,Дроссели - №73,1
2020-12-25 22:53:20,0,Нет поломки,0
2020-12-26 22:53:20,0,Нет поломки,0
2020-12-28 20:46:55,3,"Сбросные углекислотные дроссели - №96, 100",1
2020-12-29 20:46:55,0,Нет поломки,0
2020-12-30 20:46:55,0,Нет поломки,0
2020-12-31 20:46:55,0,Нет поломки,0
2021-01-01 20:46:55,0,Нет поломки,0
2021-01-02 20:46:55,0,Нет поломки,0
2021-01-03 20:46:55,0,Нет поломки,0
2021-01-04 20:46:55,0,Нет поломки,0
2021-01-06 17:49:48,4,Нагнетательный дроссель - №86,1
2021-01-07 14:47:19,2,Нагнетательный дроссель - №75,1
2021-01-08 14:47:19,0,Нет поломки,0
2021-01-09 14:47:19,0,Нет поломки,0
2021-01-10 14:47:19,0,Нет поломки,0
2021-01-11 14:47:19,0,Нет поломки,0
2021-01-12 14:47:19,0,Нет поломки,0
2021-01-13 14:47:19,0,Нет поломки,0
2021-01-14 14:47:19,0,Нет поломки,0
2021-01-15 14:47:19,0,Нет поломки,0
2021-01-16 14:47:19,0,Нет поломки,0
2021-01-17 14:47:19,0,Нет поломки,0
2021-01-18 14:47:19,0,Нет поломки,0
2021-01-19 17:25:39,6,"Сбросной дроссель - №25, 26",1
2021-01-20 17:25:39,0,Нет поломки,0
2021-01-22 01:59:40,4,Тормозная пластина - №106,1
2021-01-23 01:59:40,0,Нет поломки,0
2021-01-24 01:59:40,0,Нет поломки,0
2021-01-25 01:59:40,0,Нет поломки,0
2021-01-26 01:59:40,0,Нет поломки,0
2021-01-27 01:59:40,0,Нет поломки,0
2021-01-28 01:59:40,0,Нет поломки,0
2021-01-29 01:59:40,0,Нет поломки,0
2021-01-30 01:59:40,0,Нет поломки,0
2021-01-31 01:59:40,0,Нет поломки,0
2021-02-01 01:59:40,0,Нет поломки,0
2021-02-02 01:59:40,0,Нет поломки,0
2021-02-03 01:59:40,0,Нет поломки,0
2021-02-04 01:59:40,0,Нет поломки,0
2021-02-05 01:59:40,0,Нет поломки,0
2021-02-06 01:59:40,0,Нет поломки,0
2021-02-07 01:59:40,0,Нет поломки,0
2021-02-08 12:12:56,3,Тормозная пластина - №43,1
2021-02-08 12:54:18,3,Сбросной дроссель - №43,1
2021-02-09 04:12:26,3,Дроссель CO2 - №5,1
2021-02-10 04:12:26,0,Нет поломки,0
2021-02-11 04:12:26,0,Нет поломки,0
2021-02-12 04:12:26,0,Нет поломки,0
2021-02-13 04:12:26,0,Нет поломки,0
2021-02-14 04:12:26,0,Нет поломки,0
2021-02-15 04:12:26,0,Нет поломки,0
2021-02-16 04:12:26,0,Нет поломки,0
2021-02-17 04:12:26,0,Нет поломки,0
2021-02-18 04:12:26,0,Нет поломки,0
2021-02-19 04:12:26,0,Нет поломки,0
2021-02-20 04:12:26,0,Нет поломки,0
2021-02-21 04:12:26,0,Нет поломки,0
2021-02-22 04:12:26,0,Нет поломки,0
2021-02-23 20:08:59,3,"Сбросные дроссели - №79, 38",1
2021-02-24 20:08:59,0,Нет поломки,0
2021-02-25 20:08:59,0,Нет поломки,0
2021-02-26 20:08:59,0,Нет поломки,0
2021-02-27 20:08:59,0,Нет поломки,0
2021-02-28 20:08:59,0,Нет поломки,0
2021-03-01 20:08:59,0,Нет поломки,0
2021-03-02 20:08:59,0,Нет поломки,0
2021-03-03 20:08:59,0,Нет поломки,0
2021-03-04 20:08:59,0,Нет поломки,0
2021-03-05 20:08:59,0,Нет поломки,0
2021-03-06 20:08:59,0,Нет поломки,0
2021-03-07 20:08:59,0,Нет поломки,0
2021-03-08 20:08:59,0,Нет поломки,0
2021-03-09 20:08:59,0,Нет поломки,0
2021-03-10 20:08:59,0,Нет поломки,0
2021-03-11 20:08:59,0,Нет поломки,0
2021-03-12 20:08:59,0,Нет поломки,0
2021-03-13 20:08:59,0,Нет поломки,0
2021-03-15 10:59:48,2,Углекислотный дроссель нагнетания - №57,1
2021-03-16 10:59:48,0,Нет поломки,0
2021-03-17 10:59:48,0,Нет поломки,0
2021-03-18 10:59:48,0,Нет поломки,0
2021-03-19 10:59:48,0,Нет поломки,0
2021-03-20 10:59:48,0,Нет поломки,0
2021-03-21 10:59:48,0,Нет поломки,0
2021-03-23 08:13:25,3,Углекислотный дроссель нагнетания - №51,1
2021-03-23 08:17:47,9,-,1
2021-03-23 17:18:14,5,Углекислотный дроссель нагнетания - №1,1
2021-03-24 17:18:14,0,Нет поломки,0
2021-03-25 17:18:14,0,Нет поломки,0
2021-03-26 17:18:14,0,Нет поломки,0
2021-03-27 17:18:14,0,Нет поломки,0
2021-03-28 17:18:14,0,Нет поломки,0
2021-03-29 17:18:14,0,Нет поломки,0
2021-03-30 17:18:14,0,Нет поломки,0
2021-03-31 17:18:14,0,Нет поломки,0
2021-04-01 17:18:14,0,Нет поломки,0
2021-04-02 17:18:14,0,Нет поломки,0
2021-04-03 17:18:14,0,Нет поломки,0
2021-04-04 17:18:14,0,Нет поломки,0
2021-04-06 02:31:59,2,Стакан - №66,1
2021-04-06 02:36:12,2,Стакан - №66,1
2021-04-07 02:36:12,0,Нет поломки,0
2021-04-08 14:06:36,6,"Тормозные пластины - №79, 16",1
2021-04-09 14:06:36,0,Нет поломки,0
2021-04-10 14:06:36,0,Нет поломки,0
2021-04-11 14:06:36,0,Нет поломки,0
2021-04-12 14:06:36,0,Нет поломки,0
2021-04-13 14:06:36,0,Нет поломки,0
2021-04-14 14:06:36,0,Нет поломки,0
2021-04-15 14:06:36,0,Нет поломки,0
2021-04-16 14:06:36,0,Нет поломки,0
2021-04-17 14:06:36,0,Нет поломки,0
2021-04-18 14:06:36,0,Нет поломки,0
2021-04-19 14:06:36,0,Нет поломки,0
2021-04-20 16:00:41,2,Нагнетательный дроссель - №42,1
2021-04-21 16:00:41,0,Нет поломки,0
2021-04-22 16:00:41,0,Нет поломки,0
2021-04-23 16:00:41,0,Нет поломки,0
2021-04-24 16:00:41,0,Нет поломки,0
2021-04-25 16:00:41,0,Нет поломки,0
2021-04-26 16:00:41,0,Нет поломки,0
2021-04-27 16:00:41,0,Нет поломки,0
2021-04-28 16:00:41,0,Нет поломки,0
2021-04-30 13:19:06,6,Дроссель - №11,1
2021-04-30 19:06:10,3,Дроссель - №03,1
2021-05-01 21:32:16,4,Тормозная пластина - №23,1
2021-05-02 21:32:16,0,Нет поломки,0
2021-05-03 21:32:16,0,Нет поломки,0
2021-05-04 21:32:16,0,Нет поломки,0
2021-05-05 21:32:16,0,Нет поломки,0
2021-05-07 12:34:07,9,"Дроссели - №43, 63",1
2021-05-08 12:34:07,0,Нет поломки,0
2021-05-09 12:34:07,0,Нет поломки,0
2021-05-11 06:34:59,3,Нагнетательный дроссель - №72,1
2021-05-12 06:34:59,0,Нет поломки,0
2021-05-13 06:34:59,0,Нет поломки,0
2021-05-14 09:45:17,4,Датчик закатки -,1
2021-05-14 11:49:19,58,Цепь -,1
2021-05-15 11:49:19,0,Нет поломки,0
2021-05-16 11:49:19,0,Нет поломки,0
2021-05-17 11:49:19,0,Нет поломки,0
2021-05-18 11:49:19,0,Нет поломки,0
2021-05-19 11:49:19,0,Нет поломки,0
2021-05-20 11:49:19,0,Нет поломки,0
2021-05-21 11:49:19,0,Нет поломки,0
2021-05-22 11:49:19,0,Нет поломки,0
2021-05-23 11:49:19,0,Нет поломки,0
2021-05-24 11:49:19,0,Нет поломки,0
2021-05-25 11:49:19,0,Нет поломки,0
2021-05-26 11:49:19,0,Нет поломки,0
2021-05-27 11:49:19,0,Нет поломки,0
2021-05-28 11:49:19,0,Нет поломки,0
2021-05-29 11:49:19,0,Нет поломки,0
2021-05-30 11:49:19,0,Нет поломки,0
2021-05-31 11:49:19,0,Нет поломки,0
2021-06-02 06:23:33,6,"Дроссели СО2 - №2, 100",1
2021-06-03 06:23:33,0,Нет поломки,0
2021-06-04 10:10:32,2,Углекислотный дроссель - №39,1
2021-06-04 10:27:47,3,-,1
2021-06-04 20:20:07,3,Углекислотный дроссель - №70,1
2021-06-05 20:20:07,0,Нет поломки,0
2021-06-06 20:27:29,12,"Тормозные пластины - №21, 22",1
2021-06-06 20:42:18,3,Тормозная пластина - №70,1
2021-06-06 20:51:59,4,Углекислотный дроссель нагнетания - №53,1
2021-06-07 20:51:59,0,Нет поломки,0
2021-06-08 20:51:59,0,Нет поломки,0
2021-06-10 02:50:42,3,Дроссель CO2 - №70,1
2021-06-10 06:46:13,2,Тормозная пластина - №19,1
2021-06-11 09:49:24,2,Тормозная пластина - №26,1
2021-06-12 09:49:24,0,Нет поломки,0
2021-06-13 09:49:24,0,Нет поломки,0
2021-06-14 10:46:14,3,Дроссель CO2 - №51,1
2021-06-14 10:50:28,2,Дроссель CO2 - №90,1
2021-06-15 19:24:49,10,Дроссель - №95,1
2021-06-15 19:34:31,9,Толкатель дросселя - №92,1
2021-06-16 06:52:41,3,Верхний дроссель - №60,1
2021-06-17 06:52:41,0,Нет поломки,0
2021-06-18 08:08:34,4,Дроссель - №94,1
2021-06-19 18:38:31,4,"Тормозная пластина - №72, 82",1
2021-06-20 18:38:31,0,Нет поломки,0
2021-06-22 04:51:26,3,Толкатель дросселя -,1
2021-06-23 07:27:37,7,-,1
2021-06-24 04:52:08,2,Тормозная пластина - №43,1
2021-06-24 05:11:27,6,Уплотнительная резина в прижимном стакане -,1
2021-06-24 05:50:41,3,-,1
2021-06-25 18:51:33,6,Верхний толкатель дросселя - №6,1
2021-06-26 18:51:33,0,Нет поломки,0
2021-06-27 18:51:33,0,Нет поломки,0
2021-06-28 18:51:33,0,Нет поломки,0
2021-06-29 18:51:33,0,Нет поломки,0
2021-07-01 04:38:38,5,-,1
2021-07-01 05:41:50,7,-,1
2021-07-02 05:41:50,0,Нет поломки,0
2021-07-03 05:41:50,0,Нет поломки,0
2021-07-04 05:41:50,0,Нет поломки,0
2021-07-05 05:41:50,0,Нет поломки,0
2021-07-06 05:41:50,0,Нет поломки,0
2021-07-08 04:37:44,5,Тормозная пластина - №35,1
2021-07-10 03:01:46,6,-,1
2021-07-10 04:20:37,33,Редуктор -,1
2021-07-10 08:56:29,4,Верхний дроссель - №33,1
2021-07-11 08:56:29,0,Нет поломки,0
2021-07-12 08:56:29,0,Нет поломки,0
2021-07-13 08:56:29,0,Нет поломки,0
2021-07-14 08:56:29,0,Нет поломки,0
2021-07-15 08:56:29,0,Нет поломки,0
2021-07-16 08:56:29,0,Нет поломки,0
2021-07-17 08:56:29,0,Нет поломки,0
2021-07-18 08:56:29,0,Нет поломки,0
2021-07-19 10:40:46,3,Дроссель - №99,1
2021-07-20 16:44:22,3,Дроссель - №96,1
2021-07-22 01:21:37,24,Масляный фильтр -,1
2021-07-23 01:21:37,0,Нет поломки,0
2021-07-24 01:21:37,0,Нет поломки,0
2021-07-25 01:21:37,0,Нет поломки,0
2021-07-26 01:21:37,0,Нет поломки,0
2021-07-27 01:21:37,0,Нет поломки,0
2021-07-28 01:21:37,0,Нет поломки,0
2021-07-29 01:21:37,0,Нет поломки,0
2021-07-30 20:16:24,5,Дроссель - №97,1
2021-07-31 11:41:21,3,-,1
2021-07-31 11:53:06,3,-,1
2021-07-31 12:20:04,5,-,1
2021-08-01 12:20:04,0,Нет поломки,0
2021-08-02 12:20:04,0,Нет поломки,0
2021-08-03 12:20:04,0,Нет поломки,0
2021-08-04 12:20:04,0,Нет поломки,0
2021-08-05 12:20:04,0,Нет поломки,0
2021-08-06 12:20:04,0,Нет поломки,0
2021-08-07 12:20:04,0,Нет поломки,0
2021-08-08 23:27:23,5,Тормозная пластина и феродо - Кран №7,1
2021-08-09 23:27:23,0,Нет поломки,0
2021-08-10 23:27:23,0,Нет поломки,0
2021-08-11 23:27:23,0,Нет поломки,0
2021-08-12 23:27:23,0,Нет поломки,0
2021-08-13 23:27:23,0,Нет поломки,0
2021-08-15 13:19:54,3,Тормозная пластина - №19,1
2021-08-17 03:15:39,5,Дроссель - №86,1
2021-08-17 20:20:20,7,Тормозная пластина - №22,1
2021-08-18 20:20:20,0,Нет поломки,0
2021-08-19 20:20:20,0,Нет поломки,0
2021-08-21 16:26:19,4,Верхний дроссель - №105,1
2021-08-22 09:49:36,3,Тормозная пластина - №3,1
2021-08-22 10:14:09,4,Уплотнение прижимного стакана - №55,1
2021-08-22 19:30:14,6,-,1
2021-08-22 21:04:10,8,Наполнитель - №98,1
2021-08-23 05:03:31,4,Дроссели - №3,1
2021-08-23 06:34:28,4,Дроссели - №4,1
2021-08-23 16:27:33,4,Тормозная пластина -,1
2021-08-24 16:27:33,0,Нет поломки,0
2021-08-25 16:27:33,0,Нет поломки,0
2021-08-26 16:27:33,0,Нет поломки,0
2021-08-27 16:34:44,5,Тормозная пластина - №43,1
2021-08-27 16:46:28,3,Дроссель - №43,1
2021-08-27 16:55:59,5,Нижний дроссель - №43,1
2021-08-28 16:55:59,0,Нет поломки,0
2021-08-29 16:55:59,0,Нет поломки,0
2021-08-30 16:55:59,0,Нет поломки,0
2021-08-31 16:55:59,0,Нет поломки,0
2021-09-01 16:55:59,0,Нет поломки,0
2021-09-02 16:55:59,0,Нет поломки,0
2021-09-04 12:45:50,3,Дроссель - №32,1
2021-09-05 12:45:50,0,Нет поломки,0
2021-09-06 21:30:52,5,Дроссели - №39,1
2021-09-07 06:52:20,3,Дроссели - №26,1
2021-09-07 07:20:28,4,Прижимной стакан - №39,1
2021-09-08 08:57:45,8,Дроссели - №39,1
2021-09-08 09:07:30,2,Тормозная пластина - №39,1
2021-09-09 09:07:30,0,Нет поломки,0
2021-09-10 09:07:30,0,Нет поломки,0
2021-09-11 09:07:30,0,Нет поломки,0
2021-09-12 09:07:30,0,Нет поломки,0
2021-09-13 09:07:30,0,Нет поломки,0
2021-09-15 00:39:02,9,Прижимной цилиндр - №67,1
2021-09-15 00:48:53,3,Дроссели - №67,1
2021-09-15 00:54:27,18,Наполнитель - №67,1
2021-09-16 15:08:02,6,-,1
2021-09-17 15:08:02,0,Нет поломки,0
2021-09-18 15:08:02,0,Нет поломки,0
2021-09-19 15:08:02,0,Нет поломки,0
2021-09-20 15:08:02,0,Нет поломки,0
2021-09-21 15:08:02,0,Нет поломки,0
2021-09-22 23:06:37,8,"Дроссели - №22, 58",1
2021-09-23 23:06:37,0,Нет поломки,0
2021-09-24 23:06:37,0,Нет поломки,0
2021-09-25 23:06:37,0,Нет поломки,0
2021-09-26 23:06:37,0,Нет поломки,0
2021-09-28 08:17:29,3,Верхний дроссель - №81,1
2021-09-28 09:00:25,4,Нижний дроссель - №81,1
2021-09-28 09:19:50,4,Тормозная пластина - №81,1
2021-09-28 09:42:42,4,Колокол в сборе - №81,1
2021-09-28 09:56:22,12,Наполнитель - №81,1
2021-09-28 10:08:04,10,Наполнитель - №82,1
2021-09-29 10:08:04,0,Нет поломки,0
2021-09-30 10:08:04,0,Нет поломки,0
2021-10-01 10:08:04,0,Нет поломки,0
2021-10-02 10:08:04,0,Нет поломки,0
2021-10-03 10:08:04,0,Нет поломки,0
2021-10-04 10:08:04,0,Нет поломки,0
2021-10-05 10:08:04,0,Нет поломки,0
2021-10-06 10:08:04,0,Нет поломки,0
2021-10-07 22:44:19,6,-,1
2021-10-08 03:35:45,6,Тормозная пластина - №49,1
2021-10-08 14:55:28,4,Дроссель - №103,1
2021-10-09 14:55:28,0,Нет поломки,0
2021-10-10 17:55:21,4,Дроссель нагнетания - Клапан №48,1
2021-10-11 23:49:06,2,Дроссель нагрузки - №99,1
2021-10-12 22:18:35,8,Дроссель нагнетания - Клапан №46,1
2021-10-13 11:20:38,12,-,1
2021-10-13 16:54:06,7,"Дроссели - №35, 40",1
2021-10-13 21:27:52,5,"Дроссели нагнетания и тормозные пластины - Клапаны №100, 4",1
2021-10-14 09:34:30,6,Дроссели - №57,1
2021-10-14 09:42:46,5,Прижимной колпак - №57,1
2021-10-14 14:33:14,4,Дроссели - №107,1
2021-10-14 14:40:19,8,Тормозная пластина и прижимная резинка - №107,1
2021-10-14 17:47:09,3,Дроссели - №66,1
2021-10-15 17:47:09,0,Нет поломки,0
2021-10-16 17:47:09,0,Нет поломки,0
2021-10-17 17:47:09,0,Нет поломки,0
2021-10-18 17:47:09,0,Нет поломки,0
2021-10-19 17:47:09,0,Нет поломки,0
2021-10-21 15:44:32,9,Сбросной дроссель и прижимной колокол - №4,1
2021-10-22 15:44:32,0,Нет поломки,0
2021-10-23 16:58:23,4,Дроссель разгрузки - Клапан №11,1
2021-10-24 16:58:23,0,Нет поломки,0
2021-10-25 16:58:23,0,Нет поломки,0
2021-10-26 16:58:23,0,Нет поломки,0
2021-10-27 16:58:23,0,Нет поломки,0
2021-10-28 16:58:23,0,Нет поломки,0
2021-10-29 16:58:23,0,Нет поломки,0
2021-10-30 16:58:23,0,Нет поломки,0
2021-10-31 16:58:23,0,Нет поломки,0
2021-11-01 20:56:00,3,Нижний дроссель - №80,1
2021-11-02 20:44:18,8,Дроссели - №26,1
2021-11-03 06:03:41,4,Дроссель - №65,1
2021-11-03 06:25:28,4,Нижний дроссель - №67,1
2021-11-03 06:32:49,3,Верхний дроссель - №67,1
2021-11-04 06:32:49,0,Нет поломки,0
2021-11-05 06:32:49,0,Нет поломки,0
2021-11-06 06:32:49,0,Нет поломки,0
2021-11-07 06:32:49,0,Нет поломки,0
2021-11-08 06:32:49,0,Нет поломки,0
2021-11-09 06:32:49,0,Нет поломки,0
2021-11-10 06:32:49,0,Нет поломки,0
2021-11-11 06:32:49,0,Нет поломки,0
2021-11-12 06:32:49,0,Нет поломки,0
2021-11-13 06:32:49,0,Нет поломки,0
2021-11-14 06:32:49,0,Нет поломки,0
2021-11-15 09:21:06,5,Тормозная пластина - №26,1
2021-11-16 09:21:06,0,Нет поломки,0
2021-11-17 09:21:06,0,Нет поломки,0
2021-11-18 16:52:09,4,Тормозная пластина - №77,1
2021-11-18 21:32:51,2,Верхний дроссель - №6,1
2021-11-18 21:42:14,2,Нижний дроссель - №6,1
2021-11-19 21:42:14,0,Нет поломки,0
2021-11-20 21:42:14,0,Нет поломки,0
2021-11-21 21:42:14,0,Нет поломки,0
2021-11-22 21:42:14,0,Нет поломки,0
2021-11-23 21:42:14,0,Нет поломки,0
2021-11-25 06:30:20,4,-,1
2021-11-25 06:38:29,3,-,1
2021-11-25 08:08:11,46,-,1
2021-11-25 12:02:49,5,Нижняя часть наполнителя (колокол) -,1
2021-11-25 12:23:00,7,Нижняя часть наполнителя -,1
2021-11-25 12:40:25,7,Нижняя часть наполнителя -,1
2021-11-26 16:55:12,4,"Тормозная пластина - №84, 97",1
2021-11-27 16:55:12,0,Нет поломки,0
2021-11-28 16:55:12,0,Нет поломки,0
2021-11-29 20:41:11,2,Тормозная пластина - №20,1
2021-11-30 15:00:37,4,Тормозная пластина - №12,1
2021-11-30 15:04:45,7,Тормозная пластина - №77,1
2021-11-30 15:11:16,7,"Прижимные колокола - №77, 12",1
2021-12-01 15:11:16,0,Нет поломки,0
2021-12-03 06:37:41,7,-,1
2021-12-03 08:43:47,6,Наполнитель - №62,1
2021-12-04 21:12:22,3,Нижний дроссель - №67,1
2021-12-04 21:32:49,8,Колокол - №67,1
2021-12-04 22:10:38,3,Нижний дроссель - №67,1
2021-12-05 22:10:38,0,Нет поломки,0
2021-12-07 12:04:59,3,Дроссель CO2 - №44,1
2021-12-08 12:04:59,0,Нет поломки,0
2021-12-09 12:04:59,0,Нет поломки,0
2021-12-10 12:04:59,0,Нет поломки,0
2021-12-11 12:04:59,0,Нет поломки,0
2021-12-12 12:04:59,0,Нет поломки,0
2021-12-13 12:04:59,0,Нет поломки,0
2021-12-15 08:37:04,7,Колокол - №29,1
2021-12-16 08:37:04,0,Нет поломки,0
2021-12-17 08:37:04,0,Нет поломки,0
2021-12-18 08:37:04,0,Нет поломки,0
2021-12-19 08:37:04,0,Нет поломки,0
2021-12-20 21:26:15,5,"Сбросные дроссели - №12, 65",1
2021-12-20 22:47:58,4,Тормозная пластина - №12,1
2021-12-20 23:00:12,2,Нагнетательный дроссель - №12,1
2021-12-21 23:00:12,0,Нет поломки,0
2021-12-22 23:00:12,0,Нет поломки,0
2021-12-23 23:00:12,0,Нет поломки,0
2021-12-24 23:00:12,0,Нет поломки,0
2021-12-26 11:10:51,4,Тормозная пластина - №78,1
2021-12-27 11:10:51,0,Нет поломки,0
2021-12-28 11:10:51,0,Нет поломки,0
2021-12-29 11:10:51,0,Нет поломки,0
2021-12-30 11:10:51,0,Нет поломки,0
2021-12-31 11:10:51,0,Нет поломки,0
2022-01-01 11:10:51,0,Нет поломки,0
2022-01-02 11:10:51,0,Нет поломки,0
2022-01-03 11:10:51,0,Нет поломки,0
2022-01-04 11:10:51,0,Нет поломки,0
2022-01-05 11:10:51,0,Нет поломки,0
2022-01-06 11:10:51,0,Нет поломки,0
2022-01-07 11:10:51,0,Нет поломки,0
2022-01-08 11:10:51,0,Нет поломки,0
2022-01-09 11:10:51,0,Нет поломки,0
2022-01-10 11:10:51,0,Нет поломки,0
2022-01-12 02:17:32,5,-,1
2022-01-12 13:01:20,110,-,1
2022-01-13 13:01:20,0,Нет поломки,0
2022-01-14 13:01:20,0,Нет поломки,0
2022-01-15 13:01:20,0,Нет поломки,0
2022-01-16 13:01:20,0,Нет поломки,0
2022-01-17 13:01:20,0,Нет поломки,0
2022-01-18 17:01:27,6,Колокол - №15,1
2022-01-19 17:01:27,0,Нет поломки,0
2022-01-20 17:01:27,0,Нет поломки,0
2022-01-21 17:01:27,0,Нет поломки,0
2022-01-22 17:01:27,0,Нет поломки,0
2022-01-23 17:01:27,0,Нет поломки,0
2022-01-24 17:01:27,0,Нет поломки,0
2022-01-25 17:01:27,0,Нет поломки,0
2022-01-26 17:01:27,0,Нет поломки,0
2022-01-27 17:01:27,0,Нет поломки,0
2022-01-28 17:01:27,0,Нет поломки,0
2022-01-29 17:01:27,0,Нет поломки,0
2022-01-30 17:01:27,0,Нет поломки,0
2022-01-31 17:01:27,0,Нет поломки,0
2022-02-01 17:01:27,0,Нет поломки,0
2022-02-03 02:53:23,6,Тормозная пластина и дроссель нагнетания - №48,1
2022-02-03 03:29:42,3,Толкатель дросселя - №55,1
2022-02-03 13:52:36,3,Дроссели - №99,1
2022-02-03 14:04:06,4,Тормозная пластина - №99,1
2022-02-05 04:38:08,3,-,1
2022-02-05 21:03:02,5,Дроссели и пластина - №26,1
2022-02-05 21:08:10,6,Дроссели и пластина - №38,1
2022-02-05 21:13:41,5,Дроссели и пластина - №108,1
2022-02-05 23:23:51,4,Дроссели - №10,1
2022-02-06 00:43:30,4,Дроссели - №6,1
2022-02-06 19:21:20,6,Дроссель нагрузки - №9,1
2022-02-07 00:37:11,3,Тормозная пластина - №102,1
2022-02-07 06:38:28,6,Дроссели - №73,1
2022-02-07 09:34:51,6,Дроссели и тормозная пластина - №72,1
2022-02-07 09:41:13,5,Дроссели - №10,1
2022-02-07 19:27:48,4,Дроссель - №98,1
2022-02-08 19:27:48,0,Нет поломки,0
2022-02-09 19:27:48,0,Нет поломки,0
2022-02-11 02:10:21,6,Тормозная пластина - №45,1
2022-02-11 07:28:18,3,-,1
2022-02-12 07:28:18,0,Нет поломки,0
2022-02-13 23:03:49,4,Верхний дроссель - №52,1
2022-02-15 11:50:40,5,Дроссели и тормозная пластина - №29,1
2022-02-16 11:50:40,0,Нет поломки,0
2022-02-17 11:50:40,0,Нет поломки,0
2022-02-18 20:27:48,7,"Манжета на прижимном стакане - №77, 10",1
2022-02-18 20:43:04,3,"Дроссели нагнетания - №77, 10",1
2022-02-19 20:43:04,0,Нет поломки,0
2022-02-20 20:43:04,0,Нет поломки,0
2022-02-21 20:43:04,0,Нет поломки,0
2022-02-22 21:25:11,2,Сбросной дроссель - №10,1
2022-02-22 22:05:04,4,Нагнетательный дроссель - №10,1
2022-02-22 22:13:35,5,Тормозная пластина - №10,1
2022-02-23 22:13:35,0,Нет поломки,0
2022-02-25 00:13:59,45,Датчик -,1
2022-02-26 10:03:34,3,Нижний дроссель - №42,1
2022-02-26 10:10:32,3,Верхний дроссель - №42,1
2022-02-26 10:15:17,5,Нижний дроссель - №37,1
2022-02-26 10:22:57,4,Верхний дроссель - №37,1
2022-02-26 10:33:54,6,Прижимной колокол - №42,1
2022-02-26 14:46:24,3,Нижний дроссель - №87,1
2022-02-26 22:15:54,7,Дроссель нагрузки и тормозная пластина - №34,1
2022-02-27 09:36:09,3,Дроссели - №22,1
2022-02-27 09:57:59,3,Тормозная пластина - №22,1
2022-02-27 10:36:45,3,Прижимной стакан - №22,1
2022-02-28 10:36:45,0,Нет поломки,0
2022-03-01 10:36:45,0,Нет поломки,0
2022-03-02 12:05:21,6,-,1
2022-03-02 12:11:15,6,-,1
2022-03-04 08:46:34,7,"Тормозные пластины - №94, 85",1
2022-03-05 08:46:34,0,Нет поломки,0
2022-03-06 08:46:34,0,Нет поломки,0
2022-03-07 12:06:30,7,Колпак - №63,1
2022-03-07 12:18:28,4,Тормозная пластина - №63,1
2022-03-07 12:24:35,4,Дроссели - №63,1
2022-03-07 12:32:13,2,Нагнетательный дроссель - №10,1
2022-03-07 12:40:07,3,Сбросной дроссель - №10,1
2022-03-07 15:32:15,3,Тормозная пластина - №10,1
2022-03-07 16:12:11,3,Прижимной колпак - №10,1
2022-03-07 18:14:30,3,Дроссели - №44,1
2022-03-07 18:20:02,3,Прижимной колпак - №44,1
2022-03-07 18:31:01,4,Тормозная пластина - №44,1
2022-03-08 06:15:01,4,-,1
2022-03-09 04:45:17,4,Тормозная пластина - №66,1
2022-03-10 04:45:17,0,Нет поломки,0
2022-03-11 11:15:08,9,"Тормозная пластина - №63, 16",1
2022-03-12 11:15:08,0,Нет поломки,0
2022-03-13 14:44:32,6,Тормозная пластина - №10,1
2022-03-14 12:12:22,7,Тормозная пластина - №47,1
2022-03-14 12:21:37,4,Сбросной клапан - №47,1
2022-03-14 12:30:07,5,Прижимной колпак - №47,1
2022-03-14 12:41:54,2,Нагнетательный дроссель - №47,1
2022-03-14 12:44:11,6,Наполнитель - №47,1
2022-03-14 15:44:54,10,Наполнитель - №86,1
2022-03-15 08:43:18,3,Сбросной дроссель - №10,1
2022-03-15 08:46:48,2,Нагнетательный дроссель - №10,1
2022-03-15 08:53:42,2,Сбросной дроссель - №6,1
2022-03-15 09:04:10,3,Нагнетательный дроссель - №6,1
2022-03-15 10:40:52,3,Сбросной дроссель - №108,1
2022-03-15 11:25:52,4,Нагнетательный дроссель - №108,1
2022-03-15 12:32:14,5,Прижимной колпак - №108,1
2022-03-15 19:18:58,7,Дроссели - №100,1
2022-03-15 19:25:34,9,Наполнитель - №100,1
2022-03-15 19:34:51,10,Наполнитель - №108,1
2022-03-16 19:34:51,0,Нет поломки,0
2022-03-18 02:12:27,3,Дроссели - №99,1
2022-03-19 00:55:58,2,Дроссель - №99,1
2022-03-20 16:28:29,6,Тормозная пластина - №52,1
2022-03-21 16:28:29,0,Нет поломки,0
2022-03-22 16:28:29,0,Нет поломки,0
2022-03-24 11:05:53,5,Тормозная пластина и верхний дроссель - №17,1
2022-03-25 14:40:00,3,-,1
2022-03-25 14:48:48,6,-,1
2022-03-25 14:59:15,11,-,1
2022-03-25 15:29:35,9,-,1
2022-03-26 15:29:35,0,Нет поломки,0
2022-03-27 15:29:35,0,Нет поломки,0
2022-03-28 15:29:35,0,Нет поломки,0
2022-03-29 15:29:35,0,Нет поломки,0
2022-03-30 15:29:35,0,Нет поломки,0
2022-03-31 15:29:35,0,Нет поломки,0
2022-04-01 15:29:35,0,Нет поломки,0
2022-04-02 15:29:35,0,Нет поломки,0
2022-04-03 15:29:35,0,Нет поломки,0
2022-04-04 15:29:35,0,Нет поломки,0
2022-04-05 15:29:35,0,Нет поломки,0
2022-04-06 15:29:35,0,Нет поломки,0
2022-04-07 15:29:35,0,Нет поломки,0
2022-04-08 15:29:35,0,Нет поломки,0
2022-04-09 15:29:35,0,Нет поломки,0
2022-04-10 15:29:35,0,Нет поломки,0
2022-04-12 04:38:44,3,Дроссель верхний -,1
2022-04-12 05:20:15,6,Тормозная пластина - №31,1
2022-04-13 05:20:15,0,Нет поломки,0
2022-04-14 05:20:15,0,Нет поломки,0
2022-04-15 18:58:52,2,Дроссель нижний - №99,1
2022-04-15 19:10:17,5,Тормозная пластина - №99,1
2022-04-15 19:15:34,5,Тормозная пластина - №39,1
2022-04-15 23:30:49,8,"Тормозная пластина, ферродо, дроссели - №31",1
2022-04-15 23:42:02,8,"Тормозная пластина, ферродо, дроссели - №58",1
2022-04-16 03:03:19,3,Дроссели - №99,1
2022-04-16 22:42:36,3,Колокол - №97,1
2022-04-17 01:17:56,7,-,1
2022-04-18 01:17:56,0,Нет поломки,0
2022-04-19 01:17:56,0,Нет поломки,0
2022-04-20 01:17:56,0,Нет поломки,0
2022-04-21 01:17:56,0,Нет поломки,0
2022-04-22 01:17:56,0,Нет поломки,0
2022-04-23 01:17:56,0,Нет поломки,0
2022-04-24 01:17:56,0,Нет поломки,0
2022-04-25 01:17:56,0,Нет поломки,0
2022-04-26 01:17:56,0,Нет поломки,0
2022-04-27 01:17:56,0,Нет поломки,0
2022-04-28 01:17:56,0,Нет поломки,0
2022-04-29 01:17:56,0,Нет поломки,0
2022-04-30 01:17:56,0,Нет поломки,0
2022-05-01 01:17:56,0,Нет поломки,0
2022-05-02 16:16:42,7,Тормозная пластина и сбросной дроссель - №30,1
2022-05-03 16:16:42,0,Нет поломки,0
2022-05-05 14:16:47,5,Задний подшипник -,1
2022-05-06 14:16:47,0,Нет поломки,0
2022-05-07 14:16:47,0,Нет поломки,0
2022-05-08 14:16:47,0,Нет поломки,0
2022-05-09 14:16:47,0,Нет поломки,0
2022-05-10 14:16:47,0,Нет поломки,0
2022-05-11 14:16:47,0,Нет поломки,0
2022-05-12 14:16:47,0,Нет поломки,0
2022-05-13 23:20:39,5,Верхний дроссель - №87,1
2022-05-14 16:49:05,82,-,1
2022-05-15 04:34:00,5,Дроссель и тормозная пластина - №46,1
2022-05-16 04:34:00,0,Нет поломки,0
2022-05-17 04:34:00,0,Нет поломки,0
2022-05-18 04:34:00,0,Нет поломки,0
2022-05-19 04:34:00,0,Нет поломки,0
2022-05-20 04:34:00,0,Нет поломки,0
2022-05-21 04:34:00,0,Нет поломки,0
2022-05-22 04:34:00,0,Нет поломки,0
2022-05-23 04:34:00,0,Нет поломки,0
2022-05-24 04:34:00,0,Нет поломки,0
2022-05-25 04:34:00,0,Нет поломки,0
2022-05-26 04:34:00,0,Нет поломки,0
2022-05-27 13:06:24,8,Дроссели и тормозная пластина - №99,1
2022-05-28 13:06:24,0,Нет поломки,0
2022-05-29 13:06:24,0,Нет поломки,0
2022-05-30 13:06:24,0,Нет поломки,0
2022-05-31 13:06:24,0,Нет поломки,0
2022-06-01 13:06:24,0,Нет поломки,0
2022-06-02 13:06:24,0,Нет поломки,0
2022-06-03 13:06:24,0,Нет поломки,0
2022-06-04 13:06:24,0,Нет поломки,0
2022-06-05 13:06:24,0,Нет поломки,0
2022-06-07 12:48:05,4,Дроссель и тормозная пластина - №21,1
2022-06-08 12:48:05,0,Нет поломки,0
2022-06-09 12:48:05,0,Нет поломки,0
2022-06-10 12:48:05,0,Нет поломки,0
2022-06-11 12:48:05,0,Нет поломки,0
2022-06-12 12:48:05,0,Нет поломки,0
2022-06-13 12:48:05,0,Нет поломки,0
2022-06-14 12:48:05,0,Нет поломки,0
2022-06-15 12:48:05,0,Нет поломки,0
2022-06-16 12:48:05,0,Нет поломки,0
2022-06-17 12:48:05,0,Нет поломки,0
2022-06-18 12:48:05,0,Нет поломки,0
2022-06-19 12:48:05,0,Нет поломки,0
2022-06-20 12:48:05,0,Нет поломки,0
2022-06-22 01:54:12,5,Тормозная пластина и сбросной дроссель - №97,1
2022-06-23 01:54:12,0,Нет поломки,0
2022-06-24 01:54:12,0,Нет поломки,0
2022-06-25 01:54:12,0,Нет поломки,0
2022-06-26 01:54:12,0,Нет поломки,0
2022-06-27 01:54:12,0,Нет поломки,0
2022-06-28 01:54:12,0,Нет поломки,0
2022-06-29 01:54:12,0,Нет поломки,0
2022-06-30 01:54:12,0,Нет поломки,0
2022-07-01 01:54:12,0,Нет поломки,0
2022-07-02 01:54:12,0,Нет поломки,0
2022-07-03 01:54:12,0,Нет поломки,0
2022-07-04 04:17:00,82,-,1
2022-07-05 04:17:00,0,Нет поломки,0
2022-07-06 04:17:00,0,Нет поломки,0
2022-07-07 04:17:00,0,Нет поломки,0
2022-07-08 09:34:10,2,"Сбросной дроссель - №14, 82, 105",1
2022-07-09 09:34:10,0,Нет поломки,0
2022-07-10 09:34:10,0,Нет поломки,0
2022-07-11 09:34:10,0,Нет поломки,0
2022-07-12 09:34:10,0,Нет поломки,0
2022-07-13 09:34:10,0,Нет поломки,0
2022-07-14 09:34:10,0,Нет поломки,0
2022-07-15 22:09:09,6,Колокол - №101,1
2022-07-17 17:12:33,2,Дроссель нагнетания - №21,1
2022-07-18 17:12:33,0,Нет поломки,0
2022-07-19 17:12:33,0,Нет поломки,0
2022-07-20 17:12:33,0,Нет поломки,0
2022-07-21 17:12:33,0,Нет поломки,0
2022-07-22 17:12:33,0,Нет поломки,0
2022-07-23 17:12:33,0,Нет поломки,0
2022-07-24 17:12:33,0,Нет поломки,0
2022-07-25 17:12:33,0,Нет поломки,0
2022-07-26 17:12:33,0,Нет поломки,0
2022-07-27 17:12:33,0,Нет поломки,0
2022-07-28 17:12:33,0,Нет поломки,0
2022-07-29 17:12:33,0,Нет поломки,0
2022-07-30 17:12:33,0,Нет поломки,0
2022-07-31 17:12:33,0,Нет поломки,0
2022-08-01 21:53:56,4,Тормозная пластина - №31,1
2022-08-02 21:53:56,0,Нет поломки,0
2022-08-03 21:53:56,0,Нет поломки,0
2022-08-04 21:53:56,0,Нет поломки,0
2022-08-05 21:53:56,0,Нет поломки,0
2022-08-06 21:53:56,0,Нет поломки,0
2022-08-07 21:53:56,0,Нет поломки,0
2022-08-08 21:53:56,0,Нет поломки,0
2022-08-09 21:53:56,0,Нет поломки,0
2022-08-10 21:53:56,0,Нет поломки,0
2022-08-11 21:53:56,0,Нет поломки,0
2022-08-12 21:53:56,0,Нет поломки,0
2022-08-14 05:15:13,4,Тормозная пластина - №1,1
2022-08-14 06:27:46,4,Тормозная пластина - №89,1
2022-08-15 06:27:46,0,Нет поломки,0
2022-08-16 06:27:46,0,Нет поломки,0
2022-08-17 06:27:46,0,Нет поломки,0
2022-08-18 06:27:46,0,Нет поломки,0
2022-08-19 06:27:46,0,Нет поломки,0
2022-08-20 23:26:46,2,Сбросной дроссель - №32,1
2022-08-20 23:32:47,6,Тормозная пластина - №32,1
2022-08-20 23:42:23,5,"Тормозная пластина - №24, 108",1
2022-08-21 23:42:23,0,Нет поломки,0
2022-08-22 23:42:23,0,Нет поломки,0
2022-08-23 23:42:23,0,Нет поломки,0
2022-08-24 23:42:23,0,Нет поломки,0
2022-08-26 04:14:17,8,"Сбросные дроссели и тормозные пластины - №26, 108",1
2022-08-27 04:14:17,0,Нет поломки,0
2022-08-28 04:14:17,0,Нет поломки,0
2022-08-29 04:14:17,0,Нет поломки,0
2022-08-30 13:25:29,4,Тормозная пластина и сбросной дроссель - №54,1
2022-08-31 13:25:29,0,Нет поломки,0
2022-09-01 13:25:29,0,Нет поломки,0
2022-09-02 13:25:29,0,Нет поломки,0
2022-09-03 13:25:29,0,Нет поломки,0
2022-09-04 16:08:36,59,Двигатель -,1
2022-09-05 16:08:36,0,Нет поломки,0
2022-09-06 16:08:36,0,Нет поломки,0
2022-09-07 16:08:36,0,Нет поломки,0
2022-09-08 16:08:36,0,Нет поломки,0
2022-09-09 16:08:36,0,Нет поломки,0
2022-09-10 16:08:36,0,Нет поломки,0
2022-09-11 16:08:36,0,Нет поломки,0
2022-09-12 16:08:36,0,Нет поломки,0
2022-09-13 17:00:58,32,-,1
2022-09-14 17:00:58,0,Нет поломки,0
2022-09-15 17:00:58,0,Нет поломки,0
2022-09-16 17:00:58,0,Нет поломки,0
2022-09-17 17:00:58,0,Нет поломки,0
2022-09-18 17:00:58,0,Нет поломки,0
2022-09-19 17:00:58,0,Нет поломки,0
2022-09-20 17:00:58,0,Нет поломки,0
2022-09-21 17:00:58,0,Нет поломки,0
2022-09-22 17:00:58,0,Нет поломки,0
2022-09-23 17:00:58,0,Нет поломки,0
2022-09-24 17:00:58,0,Нет поломки,0
2022-09-25 17:00:58,0,Нет поломки,0
2022-09-27 03:19:05,37,Цепь -,1
2022-09-27 13:51:54,3,Тормозная пластина - №65,1
2022-09-29 07:02:26,5,"Тормозная пластина - №48, 76",1
2022-09-29 07:09:48,3,Тормозная пластина - №24,1
2022-09-30 07:31:06,4,Тормозная пластина и дроссели - №76,1
2022-10-01 07:31:06,0,Нет поломки,0
2022-10-02 10:00:27,3,Тормозная пластина - №51,1
2022-10-02 13:11:06,9,Входной датчик -,1
2022-10-02 13:30:49,3,Тормозная пластина - №105,1
2022-10-02 17:40:46,4,"Тормозная пластина - №1, 37",1
2022-10-04 14:57:48,7,Тормозная пластина и дроссели - №53,1
2022-10-04 15:58:55,5,Тормозная пластина и дроссели - №20,1
2022-10-04 19:29:08,9,"Тормозная пластина, дроссели и стакан - №102",1
2022-10-05 05:13:26,4,Верхний дроссель - №7,1
2022-10-06 05:13:26,0,Нет поломки,0
2022-10-07 05:13:26,0,Нет поломки,0
2022-10-08 17:26:02,3,Нижний дроссель - №102,1
2022-10-09 17:26:02,0,Нет поломки,0
2022-10-10 17:26:02,0,Нет поломки,0
2022-10-12 03:44:29,2,Нижний дроссель - №37,1
2022-10-13 03:44:29,0,Нет поломки,0
2022-10-14 03:44:29,0,Нет поломки,0
2022-10-15 03:44:29,0,Нет поломки,0
2022-10-16 03:44:29,0,Нет поломки,0
2022-10-17 17:26:09,6,Пневмопилот -,1
2022-10-17 17:42:52,6,Пневмопилот -,1
2022-10-18 17:42:52,0,Нет поломки,0
2022-10-20 09:28:38,10,"Дроссели, тормозная пластина и ферродо - №4",1
2022-10-20 21:53:27,6,Верхний и нижний дроссель - №34,1
2022-10-20 22:22:58,5,Верхний и нижний дроссель - №77,1
2022-10-21 00:32:14,5,Колокол - №77,1
2022-10-21 01:22:08,3,Нижний дроссель - №79,1
2022-10-21 05:11:46,4,Колокол - №34,1
2022-10-21 05:25:04,4,Тормозная пластина - №34,1
2022-10-21 11:33:47,8,Дроссели и тормозная пластина - №54,1
2022-10-22 11:33:47,0,Нет поломки,0
2022-10-23 11:33:47,0,Нет поломки,0
2022-10-25 08:34:25,9,Наполнитель - №35,1
2022-10-26 08:34:25,0,Нет поломки,0
2022-10-27 08:34:25,0,Нет поломки,0
2022-10-28 08:34:25,0,Нет поломки,0
2022-10-29 08:34:25,0,Нет поломки,0
2022-10-30 08:34:25,0,Нет поломки,0
2022-10-31 08:34:25,0,Нет поломки,0
2022-11-01 08:34:25,0,Нет поломки,0
2022-11-02 14:13:37,9,Тормозная пластина и прижимной стакан - №37,1
2022-11-03 14:13:37,0,Нет поломки,0
2022-11-04 14:13:37,0,Нет поломки,0
2022-11-05 14:13:37,0,Нет поломки,0
2022-11-06 14:13:37,0,Нет поломки,0
2022-11-07 14:13:37,0,Нет поломки,0
2022-11-08 14:13:37,0,Нет поломки,0
2022-11-09 14:13:37,0,Нет поломки,0
2022-11-10 14:13:37,0,Нет поломки,0
2022-11-11 14:13:37,0,Нет поломки,0
2022-11-12 14:13:37,0,Нет поломки,0
2022-11-13 14:13:37,0,Нет поломки,0
2022-11-14 14:13:37,0,Нет поломки,0
2022-11-15 14:13:37,0,Нет поломки,0
2022-11-16 14:13:37,0,Нет поломки,0
2022-11-17 14:13:37,0,Нет поломки,0
2022-11-18 14:13:37,0,Нет поломки,0
2022-11-19 14:13:37,0,Нет поломки,0
2022-11-20 14:13:37,0,Нет поломки,0
2022-11-21 14:13:37,0,Нет поломки,0
2022-11-22 14:13:37,0,Нет поломки,0
2022-11-23 14:13:37,0,Нет поломки,0
2022-11-24 14:13:37,0,Нет поломки,0
2022-11-25 14:13:37,0,Нет поломки,0
2022-11-26 14:13:37,0,Нет поломки,0
2022-11-27 14:13:37,0,Нет поломки,0
2022-11-28 23:09:44,3,Дроссели - №18,1
2022-11-29 03:32:46,4,Тормозная пластина - №18,1
2022-11-29 03:43:17,10,Наполнитель - №18,1
2022-11-29 04:24:06,3,Тормозная пластина - №72,1
2022-11-29 04:37:17,4,Дроссели - №72,1
2022-11-29 04:45:13,10,Наполнитель - №72,1
2022-11-29 12:12:34,8,-,1
2022-11-29 23:10:02,3,Дроссели - №10,1
2022-11-30 02:54:09,3,Дроссели - №55,1
2022-12-01 02:54:09,0,Нет поломки,0
2022-12-02 20:04:04,7,-,1
2022-12-03 20:04:04,0,Нет поломки,0
2022-12-04 20:04:04,0,Нет поломки,0
2022-12-05 20:04:04,0,Нет поломки,0
2022-12-07 00:52:08,3,Дроссель - №80,1
2022-12-07 01:38:34,3,Верхний дроссель - №80,1
2022-12-07 02:06:24,3,Тормозная пластина - №80,1
2022-12-08 02:06:24,0,Нет поломки,0
2022-12-09 02:06:24,0,Нет поломки,0
2022-12-10 02:06:24,0,Нет поломки,0
2022-12-11 02:06:24,0,Нет поломки,0
2022-12-12 02:06:24,0,Нет поломки,0
2022-12-13 02:06:24,0,Нет поломки,0
2022-12-14 02:06:24,0,Нет поломки,0
2022-12-15 02:06:24,0,Нет поломки,0
2022-12-16 02:06:24,0,Нет поломки,0
2022-12-17 02:06:24,0,Нет поломки,0
2022-12-18 02:06:24,0,Нет поломки,0
2022-12-19 02:06:24,0,Нет поломки,0
2022-12-20 02:06:24,0,Нет поломки,0
2022-12-21 02:06:24,0,Нет поломки,0
2022-12-22 02:06:24,0,Нет поломки,0
2022-12-23 02:06:24,0,Нет поломки,0
2022-12-24 02:06:24,0,Нет поломки,0
2022-12-25 02:06:24,0,Нет поломки,0
2022-12-26 02:06:24,0,Нет поломки,0
2022-12-27 02:06:24,0,Нет поломки,0
2022-12-28 02:06:24,0,Нет поломки,0
2022-12-29 02:06:24,0,Нет поломки,0
2022-12-30 02:06:24,0,Нет поломки,0
2022-12-31 02:06:24,0,Нет поломки,0
2023-01-01 02:06:24,0,Нет поломки,0
2023-01-02 02:06:24,0,Нет поломки,0
2023-01-03 02:06:24,0,Нет поломки,0
2023-01-04 02:06:24,0,Нет поломки,0
2023-01-05 02:06:24,0,Нет поломки,0
2023-01-06 08:17:50,7,-,1
2023-01-07 23:19:37,5,Дроссели - №14,1
2023-01-08 06:16:38,4,Дроссели - №2,1
2023-01-08 11:16:51,2,Дроссель - №82,1
2023-01-09 11:16:51,0,Нет поломки,0
2023-01-10 11:16:51,0,Нет поломки,0
2023-01-11 22:10:01,3,Тормозная пластина и дроссель - №81,1
2023-01-12 22:10:01,0,Нет поломки,0
2023-01-13 22:10:01,0,Нет поломки,0
2023-01-14 22:10:01,0,Нет поломки,0
2023-01-15 22:10:01,0,Нет поломки,0
2023-01-16 22:10:01,0,Нет поломки,0
2023-01-17 22:10:01,0,Нет поломки,0
2023-01-18 22:10:01,0,Нет поломки,0
2023-01-19 22:10:01,0,Нет поломки,0
2023-01-20 22:10:01,0,Нет поломки,0
2023-01-21 22:10:01,0,Нет поломки,0
2023-01-22 22:10:01,0,Нет поломки,0
2023-01-23 22:10:01,0,Нет поломки,0
2023-01-25 08:43:11,2,Тормозная пластина - №31,1
2023-01-25 08:45:51,3,Дроссели - №31,1
2023-01-26 08:45:51,0,Нет поломки,0
2023-01-27 08:45:51,0,Нет поломки,0
2023-01-28 08:45:51,0,Нет поломки,0
2023-01-29 08:45:51,0,Нет поломки,0
2023-01-30 08:45:51,0,Нет поломки,0
2023-01-31 20:02:15,3,Дроссели - №31,1
2023-02-01 00:33:18,2,Нагнетательный дроссель -,1
2023-02-01 02:55:27,4,Сбросной дроссель - №72,1
2023-02-01 03:02:37,4,Нагнетательный дроссель - №72,1
2023-02-01 20:03:22,9,-,1
2023-02-02 02:12:17,10,Наполнитель - №31,1
2023-02-02 02:22:13,10,Наполнитель - №14,1
2023-02-02 05:36:44,5,Дроссели - №81,1
2023-02-03 05:36:44,0,Нет поломки,0
2023-02-04 05:36:44,0,Нет поломки,0
2023-02-05 08:49:36,3,Дроссели - №22,1
2023-02-06 08:49:36,0,Нет поломки,0
2023-02-07 08:49:36,0,Нет поломки,0
2023-02-08 08:49:36,0,Нет поломки,0
2023-02-09 08:49:36,0,Нет поломки,0
2023-02-10 08:49:36,0,Нет поломки,0
2023-02-11 08:49:36,0,Нет поломки,0
2023-02-12 08:49:36,0,Нет поломки,0
2023-02-13 08:49:36,0,Нет поломки,0
2023-02-14 08:49:36,0,Нет поломки,0
2023-02-15 08:49:36,0,Нет поломки,0
2023-02-16 08:49:36,0,Нет поломки,0
2023-02-17 08:49:36,0,Нет поломки,0
2023-02-18 08:49:36,0,Нет поломки,0
2023-02-19 08:49:36,0,Нет поломки,0
2023-02-20 08:49:36,0,Нет поломки,0
2023-02-21 08:49:36,0,Нет поломки,0
2023-02-22 16:26:51,4,Дроссели - №41,1
2023-02-22 16:57:44,6,Колокол - №41,1
2023-02-22 17:03:44,4,Тормозная пластина - №41,1
2023-02-22 17:48:55,9,Наполнитель - №41,1
2023-02-22 17:57:59,10,Наполнитель - №20,1
2023-02-22 21:51:07,4,Пластина - №50,1
2023-02-23 21:51:07,0,Нет поломки,0
2023-02-25 00:34:31,4,Дроссель - №41,1
2023-02-25 00:43:12,5,Прижимной колокол - №41,1
2023-02-25 01:11:30,10,Наполнитель -,1
2023-02-26 01:11:30,0,Нет поломки,0
2023-02-27 01:11:30,0,Нет поломки,0
2023-02-28 01:11:30,0,Нет поломки,0
2023-03-01 01:11:30,0,Нет поломки,0
2023-03-02 01:11:30,0,Нет поломки,0
2023-03-03 01:11:30,0,Нет поломки,0
2023-03-04 01:11:30,0,Нет поломки,0
2023-03-05 01:11:30,0,Нет поломки,0
2023-03-06 01:11:30,0,Нет поломки,0
2023-03-07 01:11:30,0,Нет поломки,0
2023-03-08 01:11:30,0,Нет поломки,0
2023-03-09 13:58:25,4,Нагнетательный дроссель - №76,1
2023-03-09 19:14:46,4,Тормозная пластина - №10,1
2023-03-10 06:50:44,5,Дроссели и тормозная пластина - №71,1
2023-03-11 06:50:44,0,Нет поломки,0
2023-03-12 06:50:44,0,Нет поломки,0
2023-03-13 06:50:44,0,Нет поломки,0
2023-03-14 06:50:44,0,Нет поломки,0
2023-03-15 06:50:44,0,Нет поломки,0
2023-03-16 06:50:44,0,Нет поломки,0
2023-03-17 10:14:35,5,Тормозная пластина - №45,1
2023-03-17 11:34:43,5,Дроссели - №100,1
2023-03-18 16:58:27,4,Тормозная пластина - №1,1
2023-03-18 18:29:12,5,Тормозная пластина - №58,1
2023-03-19 18:29:12,0,Нет поломки,0
2023-03-20 18:29:12,0,Нет поломки,0
2023-03-21 18:29:12,0,Нет поломки,0
2023-03-22 18:29:12,0,Нет поломки,0
2023-03-23 18:29:12,0,Нет поломки,0
2023-03-24 18:29:12,0,Нет поломки,0
2023-03-25 18:29:12,0,Нет поломки,0
2023-03-26 18:29:12,0,Нет поломки,0
2023-03-27 18:29:12,0,Нет поломки,0
2023-03-28 18:29:12,0,Нет поломки,0
2023-03-29 18:29:12,0,Нет поломки,0
2023-03-30 18:29:12,0,Нет поломки,0
2023-03-31 18:29:12,0,Нет поломки,0
2023-04-01 18:29:12,0,Нет поломки,0
2023-04-02 18:29:12,0,Нет поломки,0
2023-04-03 18:29:12,0,Нет поломки,0
2023-04-04 18:29:12,0,Нет поломки,0
2023-04-05 18:29:12,0,Нет поломки,0
2023-04-06 18:29:12,0,Нет поломки,0
2023-04-07 18:29:12,0,Нет поломки,0
2023-04-08 18:29:12,0,Нет поломки,0
2023-04-09 18:29:12,0,Нет поломки,0
2023-04-10 18:29:12,0,Нет поломки,0
2023-04-11 18:29:12,0,Нет поломки,0
2023-04-12 18:29:12,0,Нет поломки,0
2023-04-13 18:29:12,0,Нет поломки,0
2023-04-14 20:10:50,3,Дроссели - №77,1
2023-04-15 20:10:50,0,Нет поломки,0
2023-04-16 20:10:50,0,Нет поломки,0
2023-04-17 20:10:50,0,Нет поломки,0
2023-04-18 20:10:50,0,Нет поломки,0
2023-04-19 20:10:50,0,Нет поломки,0
2023-04-20 20:10:50,0,Нет поломки,0
2023-04-21 20:10:50,0,Нет поломки,0
2023-04-22 20:10:50,0,Нет поломки,0
2023-04-23 20:10:50,0,Нет поломки,0
2023-04-24 20:10:50,0,Нет поломки,0
2023-04-26 03:46:52,4,Тормозная пластина - №39,1
2023-04-27 03:46:52,0,Нет поломки,0
2023-04-28 03:46:52,0,Нет поломки,0
2023-04-29 03:46:52,0,Нет поломки,0
2023-04-30 03:46:52,0,Нет поломки,0
2023-05-01 03:46:52,0,Нет поломки,0
2023-05-02 03:46:52,0,Нет поломки,0
2023-05-03 03:46:52,0,Нет поломки,0
2023-05-04 03:46:52,0,Нет поломки,0
2023-05-05 03:46:52,0,Нет поломки,0
2023-05-06 03:46:52,0,Нет поломки,0
2023-05-07 03:46:52,0,Нет поломки,0
2023-05-08 03:46:52,0,Нет поломки,0
2023-05-09 03:46:52,0,Нет поломки,0
2023-05-10 03:46:52,0,Нет поломки,0
2023-05-11 03:46:52,0,Нет поломки,0
2023-05-12 06:57:37,5,Тормозная пластина - №24,1
2023-05-13 06:57:37,0,Нет поломки,0
2023-05-14 06:57:37,0,Нет поломки,0
2023-05-15 06:57:37,0,Нет поломки,0
2023-05-16 06:57:37,0,Нет поломки,0
2023-05-17 06:57:37,0,Нет поломки,0
2023-05-18 06:57:37,0,Нет поломки,0
2023-05-19 06:57:37,0,Нет поломки,0
2023-05-20 06:57:37,0,Нет поломки,0
2023-05-21 06:57:37,0,Нет поломки,0
2023-05-22 06:57:37,0,Нет поломки,0
2023-05-23 06:57:37,0,Нет поломки,0
2023-05-24 06:57:37,0,Нет поломки,0
2023-05-25 06:57:37,0,Нет поломки,0
2023-05-26 17:45:23,7,Тормозная пластина и дроссель - №89,1
2023-05-27 17:45:23,0,Нет поломки,0
2023-05-28 17:45:23,0,Нет поломки,0
2023-05-29 17:45:23,0,Нет поломки,0
2023-05-30 17:45:23,0,Нет поломки,0
2023-05-31 17:45:23,0,Нет поломки,0
2023-06-01 17:45:23,0,Нет поломки,0
2023-06-02 17:45:23,0,Нет поломки,0
2023-06-03 17:45:23,0,Нет поломки,0
2023-06-05 00:32:33,3,Тормозная пластина - №13,1
2023-06-06 00:32:33,0,Нет поломки,0
2023-06-07 00:32:33,0,Нет поломки,0
2023-06-08 00:32:33,0,Нет поломки,0
2023-06-09 00:32:33,0,Нет поломки,0
2023-06-10 00:32:33,0,Нет поломки,0
2023-06-11 00:32:33,0,Нет поломки,0
2023-06-12 00:32:33,0,Нет поломки,0
2023-06-13 00:32:33,0,Нет поломки,0
2023-06-14 00:32:33,0,Нет поломки,0
2023-06-15 00:32:33,0,Нет поломки,0
2023-06-16 00:32:33,0,Нет поломки,0
2023-06-17 00:32:33,0,Нет поломки,0
2023-06-18 00:32:33,0,Нет поломки,0
2023-06-19 00:32:33,0,Нет поломки,0
2023-06-20 00:32:33,0,Нет поломки,0
2023-06-21 00:32:33,0,Нет поломки,0
2023-06-22 00:32:33,0,Нет поломки,0
2023-06-23 00:32:33,0,Нет поломки,0
2023-06-24 00:32:33,0,Нет поломки,0
2023-06-25 00:32:33,0,Нет поломки,0
2023-06-26 11:09:18,9,-,1
2023-06-27 11:09:18,0,Нет поломки,0
2023-06-28 11:09:18,0,Нет поломки,0
2023-06-29 11:09:18,0,Нет поломки,0
2023-06-30 11:09:18,0,Нет поломки,0
2023-07-01 11:09:18,0,Нет поломки,0
2023-07-02 11:09:18,0,Нет поломки,0
2023-07-04 01:52:29,5,Дроссели - №67,1
2023-07-04 02:24:13,4,Тормозная пластина - №67,1
2023-07-04 05:06:08,7,Наполнитель - №67,1
2023-07-05 05:06:08,0,Нет поломки,0
2023-07-06 20:17:21,5,Дроссель - №91,1
2023-07-06 20:30:49,4,Дроссель - №92,1
2023-07-08 08:38:10,4,Пластина -,1
2023-07-09 08:38:10,0,Нет поломки,0
2023-07-10 08:38:10,0,Нет поломки,0
2023-07-11 08:38:10,0,Нет поломки,0
2023-07-12 08:38:10,0,Нет поломки,0
2023-07-13 08:38:10,0,Нет поломки,0
2023-07-14 08:38:10,0,Нет поломки,0
2023-07-15 08:38:10,0,Нет поломки,0
2023-07-16 08:38:10,0,Нет поломки,0
2023-07-17 14:33:44,3,-,1
2023-07-19 10:49:12,6,Дроссель - №19,1
2023-07-20 10:49:12,0,Нет поломки,0
2023-07-21 10:49:12,0,Нет поломки,0
2023-07-22 10:49:12,0,Нет поломки,0
2023-07-23 10:49:12,0,Нет поломки,0
2023-07-24 10:49:12,0,Нет поломки,0
2023-07-25 10:49:12,0,Нет поломки,0
2023-07-26 10:49:12,0,Нет поломки,0
2023-07-27 10:49:12,0,Нет поломки,0
2023-07-28 10:49:12,0,Нет поломки,0
2023-07-29 10:49:12,0,Нет поломки,0
2023-07-30 10:49:12,0,Нет поломки,0
2023-07-31 10:49:12,0,Нет поломки,0
2023-08-01 10:49:12,0,Нет поломки,0
2023-08-02 10:49:12,0,Нет поломки,0
2023-08-03 22:21:00,4,Дроссели -,1
2023-08-03 22:32:10,2,Дроссель - №61,1
2023-08-03 22:40:14,2,Тормозная пластина - №5,1
2023-08-03 22:44:34,2,Дроссель - №58,1
2023-08-03 22:47:38,3,Дроссель - №58,1
2023-08-03 22:58:15,9,Наполнитель - №5,1
2023-08-04 06:50:28,3,Дроссель - №29,1
2023-08-04 06:55:58,4,Тормозная пластина - №29,1
2023-08-05 06:55:58,0,Нет поломки,0
2023-08-06 06:55:58,0,Нет поломки,0
2023-08-07 06:55:58,0,Нет поломки,0
2023-08-09 01:27:58,6,Тормозная пластина - №54,1
2023-08-10 01:27:58,0,Нет поломки,0
2023-08-11 22:09:00,8,Тормозная пластина - №25,1
2023-08-11 22:16:39,8,Тормозная пластина - №79,1
2023-08-12 11:19:55,2,Дроссель - №25,1
2023-08-12 16:00:16,5,Дроссель и тормозная пластина - №27,1
2023-08-13 00:21:09,7,Тормозная пластина - №96,1
2023-08-13 02:58:38,5,Тормозная пластина - №94,1
2023-08-13 03:10:55,5,Тормозная пластина - №51,1
2023-08-13 03:19:53,3,Тормозная пластина - №98,1
2023-08-13 03:29:07,2,Нагнетательный дроссель - №86,1
2023-08-13 03:42:52,3,Тормозная пластина - №26,1
2023-08-13 03:46:19,10,Дроссели - №26,1
2023-08-14 03:46:19,0,Нет поломки,0
2023-08-15 03:46:19,0,Нет поломки,0
2023-08-16 03:46:19,0,Нет поломки,0
2023-08-17 03:46:19,0,Нет поломки,0
2023-08-18 03:46:19,0,Нет поломки,0
2023-08-19 03:46:19,0,Нет поломки,0
2023-08-20 06:38:01,3,Тормозная пластина - №10,1
2023-08-20 08:57:22,5,Дроссель - №78,1
2023-08-20 09:22:47,3,Дроссель - №70,1
2023-08-20 13:06:56,2,Дроссель - №26,1
2023-08-21 13:06:56,0,Нет поломки,0
2023-08-22 13:06:56,0,Нет поломки,0
2023-08-23 13:06:56,0,Нет поломки,0
2023-08-24 13:06:56,0,Нет поломки,0
2023-08-25 13:19:22,5,Дроссели - №95,1
2023-08-25 13:31:33,8,"Дроссели - №9, 21, 84",1
2023-08-25 15:05:41,6,Дроссели - №18,1
2023-08-25 16:29:02,7,Тормозная пластина - №18,1
2023-08-26 16:29:02,0,Нет поломки,0
2023-08-27 16:29:02,0,Нет поломки,0
2023-08-28 16:29:02,0,Нет поломки,0
2023-08-29 17:55:10,5,Дроссель - №92,1
2023-08-30 17:55:10,0,Нет поломки,0
2023-08-31 17:55:10,0,Нет поломки,0
2023-09-01 17:55:10,0,Нет поломки,0
2023-09-02 17:55:10,0,Нет поломки,0
2023-09-03 17:55:10,0,Нет поломки,0
2023-09-04 17:55:10,0,Нет поломки,0
2023-09-05 17:55:10,0,Нет поломки,0
2023-09-06 17:55:10,0,Нет поломки,0
2023-09-07 17:55:10,0,Нет поломки,0
2023-09-08 17:55:10,0,Нет поломки,0
2023-09-09 22:06:46,9,"Дроссели - №11, 12",1
2023-09-10 03:17:08,2,Дроссели - №24,1
2023-09-11 03:17:08,0,Нет поломки,0
2023-09-12 03:17:08,0,Нет поломки,0
2023-09-13 03:17:08,0,Нет поломки,0
2023-09-14 03:17:08,0,Нет поломки,0
2023-09-15 03:17:08,0,Нет поломки,0
2023-09-16 03:17:08,0,Нет поломки,0
2023-09-17 03:17:08,0,Нет поломки,0
2023-09-18 03:17:08,0,Нет поломки,0
2023-09-19 03:17:08,0,Нет поломки,0
2023-09-20 03:17:08,0,Нет поломки,0
2023-09-21 03:17:08,0,Нет поломки,0
2023-09-22 03:17:08,0,Нет поломки,0
2023-09-23 03:17:08,0,Нет поломки,0
2023-09-24 03:17:08,0,Нет поломки,0
2023-09-25 03:17:08,0,Нет поломки,0
2023-09-26 03:17:08,0,Нет поломки,0
2023-09-27 03:17:08,0,Нет поломки,0
2023-09-28 03:17:08,0,Нет поломки,0
2023-09-29 03:17:08,0,Нет поломки,0
2023-09-30 03:17:08,0,Нет поломки,0
2023-10-01 03:17:08,0,Нет поломки,0
2023-10-02 03:17:08,0,Нет поломки,0
2023-10-03 03:17:08,0,Нет поломки,0
2023-10-04 03:17:08,0,Нет поломки,0
2023-10-05 03:17:08,0,Нет поломки,0
2023-10-06 03:17:08,0,Нет поломки,0
2023-10-07 03:17:08,0,Нет поломки,0
2023-10-08 03:17:08,0,Нет поломки,0
2023-10-09 03:17:08,0,Нет поломки,0
2023-10-10 03:17:08,0,Нет поломки,0
2023-10-11 03:17:08,0,Нет поломки,0
2023-10-12 03:17:08,0,Нет поломки,0
2023-10-13 03:17:08,0,Нет поломки,0
2023-10-14 03:17:08,0,Нет поломки,0
2023-10-15 03:17:08,0,Нет поломки,0
2023-10-16 03:17:08,0,Нет поломки,0
2023-10-17 03:17:08,0,Нет поломки,0
2023-10-18 03:17:08,0,Нет поломки,0
2023-10-19 03:17:08,0,Нет поломки,0
2023-10-20 03:17:08,0,Нет поломки,0
2023-10-21 03:17:08,0,Нет поломки,0
2023-10-22 03:17:08,0,Нет поломки,0
2023-10-23 03:17:08,0,Нет поломки,0
2023-10-24 18:57:19,3,Тормозная пластина и дроссель - №47,1
2023-10-25 01:55:56,10,"Дроссели нагрузки - №104, 47",1
2023-10-25 03:50:17,11,"Дроссели нагрузки и разгрузки - №7, 5, 24, 108",1
2023-10-25 09:12:08,5,Тормозная пластина и дроссель нагрузки - №19,1
2023-10-26 09:12:08,0,Нет поломки,0
2023-10-27 09:12:08,0,Нет поломки,0
2023-10-28 09:12:08,0,Нет поломки,0
2023-10-29 14:00:46,2,Дроссели - №9,1
2023-10-30 12:49:52,3,Тормозная пластина и дроссель нагрузки - №12,1
2023-10-30 14:01:32,5,"Дроссели нагрузки - №107, 108",1
2023-10-30 14:38:29,3,Тормозная пластина - №12,1
2023-10-30 14:50:46,3,-,1
2023-10-31 14:50:46,0,Нет поломки,0
2023-11-01 14:50:46,0,Нет поломки,0
2023-11-02 14:50:46,0,Нет поломки,0
2023-11-03 14:50:46,0,Нет поломки,0
2023-11-04 14:50:46,0,Нет поломки,0
2023-11-05 14:50:46,0,Нет поломки,0
2023-11-07 02:55:55,4,-,1
2023-11-07 03:04:30,4,-,1
2023-11-07 09:52:48,3,Тормозная пластина - №56,1
2023-11-08 09:52:48,0,Нет поломки,0
2023-11-09 09:52:48,0,Нет поломки,0
2023-11-10 09:52:48,0,Нет поломки,0
2023-11-11 09:52:48,0,Нет поломки,0
2023-11-12 09:52:48,0,Нет поломки,0
2023-11-13 09:52:48,0,Нет поломки,0
2023-11-14 09:52:48,0,Нет поломки,0
2023-11-15 09:52:48,0,Нет поломки,0
2023-11-16 09:52:48,0,Нет поломки,0
2023-11-17 09:52:48,0,Нет поломки,0
2023-11-18 09:52:48,0,Нет поломки,0
2023-11-19 09:52:48,0,Нет поломки,0
2023-11-20 09:52:48,0,Нет поломки,0
2023-11-21 09:52:48,0,Нет поломки,0
2023-11-22 09:52:48,0,Нет поломки,0
2023-11-23 09:52:48,0,Нет поломки,0
2023-11-24 09:52:48,0,Нет поломки,0
2023-11-25 09:52:48,0,Нет поломки,0
2023-11-26 09:52:48,0,Нет поломки,0
2023-11-27 09:52:48,0,Нет поломки,0
2023-11-28 09:52:48,0,Нет поломки,0
2023-11-29 09:52:48,0,Нет поломки,0
2023-11-30 09:52:48,0,Нет поломки,0
2023-12-01 09:52:48,0,Нет поломки,0
2023-12-02 09:52:48,0,Нет поломки,0
2023-12-03 09:52:48,0,Нет поломки,0
2023-12-04 09:52:48,0,Нет поломки,0
2023-12-05 09:52:48,0,Нет поломки,0
2023-12-06 09:52:48,0,Нет поломки,0
2023-12-07 09:52:48,0,Нет поломки,0
2023-12-08 09:52:48,0,Нет поломки,0
2023-12-09 09:52:48,0,Нет поломки,0
2023-12-10 09:52:48,0,Нет поломки,0
2023-12-11 09:52:48,0,Нет поломки,0
2023-12-12 09:52:48,0,Нет поломки,0
2023-12-14 05:25:07,3,Верхний дроссель - №3,1
2023-12-15 05:25:07,0,Нет поломки,0
2023-12-16 05:25:07,0,Нет поломки,0
2023-12-17 05:25:07,0,Нет поломки,0
2023-12-18 05:25:07,0,Нет поломки,0
2023-12-19 05:25:07,0,Нет поломки,0
2023-12-20 05:25:07,0,Нет поломки,0
2023-12-21 05:25:07,0,Нет поломки,0
2023-12-22 05:25:07,0,Нет поломки,0
2023-12-23 05:25:07,0,Нет поломки,0
2023-12-24 05:25:07,0,Нет поломки,0
2023-12-25 05:25:07,0,Нет поломки,0
2023-12-26 05:25:07,0,Нет поломки,0
2023-12-27 05:25:07,0,Нет поломки,0
2023-12-28 05:25:07,0,Нет поломки,0
2023-12-29 05:25:07,0,Нет поломки,0
2023-12-30 05:25:07,0,Нет поломки,0
2023-12-31 05:25:07,0,Нет поломки,0
2024-01-01 05:25:07,0,Нет поломки,0
2024-01-02 05:25:07,0,Нет поломки,0
2024-01-03 05:25:07,0,Нет поломки,0
2024-01-04 05:25:07,0,Нет поломки,0
2024-01-05 05:25:07,0,Нет поломки,0
2024-01-06 05:25:07,0,Нет поломки,0
2024-01-07 05:25:07,0,Нет поломки,0
2024-01-08 05:25:07,0,Нет поломки,0
2024-01-09 21:58:38,4,-,1
2024-01-09 22:14:11,4,-,1
2024-01-10 22:14:11,0,Нет поломки,0
2024-01-11 22:14:11,0,Нет поломки,0
2024-01-12 22:14:11,0,Нет поломки,0
2024-01-13 22:14:11,0,Нет поломки,0
2024-01-14 22:14:11,0,Нет поломки,0
2024-01-15 22:14:11,0,Нет поломки,0
2024-01-16 22:14:11,0,Нет поломки,0
2024-01-17 22:14:11,0,Нет поломки,0
2024-01-18 22:14:11,0,Нет поломки,0
2024-01-19 22:14:11,0,Нет поломки,0
2024-01-20 22:14:11,0,Нет поломки,0
2024-01-21 22:14:11,0,Нет поломки,0
2024-01-22 22:14:11,0,Нет поломки,0
2024-01-23 22:14:11,0,Нет поломки,0
2024-01-24 22:14:11,0,Нет поломки,0
2024-01-25 22:14:11,0,Нет поломки,0
2024-01-26 22:14:11,0,Нет поломки,0
2024-01-27 22:14:11,0,Нет поломки,0
2024-01-28 22:14:11,0,Нет поломки,0
2024-01-29 22:14:11,0,Нет поломки,0
2024-01-30 22:14:11,0,Нет поломки,0
2024-01-31 22:14:11,0,Нет поломки,0
2024-02-01 22:14:11,0,Нет поломки,0
2024-02-02 22:14:11,0,Нет поломки,0
2024-02-03 22:14:11,0,Нет поломки,0
2024-02-04 22:14:11,0,Нет поломки,0
2024-02-05 22:14:11,0,Нет поломки,0
2024-02-07 22:11:45,13,Тормозная пластина и дроссель нагрузки - №17,1
2024-02-08 00:56:06,6,Тормозная пластина и дроссель нагрузки - №71,1
2024-02-09 00:56:06,0,Нет поломки,0
2024-02-10 00:56:06,0,Нет поломки,0
2024-02-11 00:56:06,0,Нет поломки,0
2024-02-12 00:56:06,0,Нет поломки,0
2024-02-13 00:56:06,0,Нет поломки,0
2024-02-14 00:56:06,0,Нет поломки,0
2024-02-15 00:56:06,0,Нет поломки,0
2024-02-16 00:56:06,0,Нет поломки,0
2024-02-17 00:56:06,0,Нет поломки,0
2024-02-18 00:56:06,0,Нет поломки,0
2024-02-19 00:56:06,0,Нет поломки,0
2024-02-20 00:56:06,0,Нет поломки,0
2024-02-21 00:56:06,0,Нет поломки,0
2024-02-22 00:56:06,0,Нет поломки,0
2024-02-23 00:56:06,0,Нет поломки,0
2024-02-24 00:56:06,0,Нет поломки,0
2024-02-25 00:56:06,0,Нет поломки,0
2024-02-26 00:56:06,0,Нет поломки,0
2024-02-27 00:56:06,0,Нет поломки,0
2024-02-28 00:56:06,0,Нет поломки,0
2024-02-29 00:56:06,0,Нет поломки,0
2024-03-01 00:56:06,0,Нет поломки,0
2024-03-02 00:56:06,0,Нет поломки,0
2024-03-03 00:56:06,0,Нет поломки,0
2024-03-04 00:56:06,0,Нет поломки,0
2024-03-05 00:56:06,0,Нет поломки,0
2024-03-06 00:56:06,0,Нет поломки,0
2024-03-07 00:56:06,0,Нет поломки,0
2024-03-08 00:56:06,0,Нет поломки,0
2024-03-09 00:56:06,0,Нет поломки,0
2024-03-10 00:56:06,0,Нет поломки,0
2024-03-11 00:56:06,0,Нет поломки,0
2024-03-12 00:56:06,0,Нет поломки,0
2024-03-13 00:56:06,0,Нет поломки,0
2024-03-14 00:56:06,0,Нет поломки,0
2024-03-15 00:56:06,0,Нет поломки,0
2024-03-16 00:56:06,0,Нет поломки,0
2024-03-17 00:56:06,0,Нет поломки,0
2024-03-18 00:56:06,0,Нет поломки,0
2024-03-19 00:56:06,0,Нет поломки,0
2024-03-20 00:56:06,0,Нет поломки,0
2024-03-21 00:56:06,0,Нет поломки,0
2024-03-22 00:56:06,0,Нет поломки,0
2024-03-23 08:25:06,10,"Пластина и феродо, дроссель нагрузки и разгрузки - №20",1
2024-03-23 09:40:01,14,-,1
2024-03-23 09:59:06,20,-,1
2024-03-24 09:59:06,0,Нет поломки,0
2024-03-25 09:59:06,0,Нет поломки,0
2024-03-26 09:59:06,0,Нет поломки,0
2024-03-27 09:59:06,0,Нет поломки,0
2024-03-28 09:59:06,0,Нет поломки,0
2024-03-29 09:59:06,0,Нет поломки,0
2024-03-30 09:59:06,0,Нет поломки,0
2024-03-31 09:59:06,0,Нет поломки,0
2024-04-01 09:59:06,0,Нет поломки,0
2024-04-02 09:59:06,0,Нет поломки,0
2024-04-03 09:59:06,0,Нет поломки,0
2024-04-04 09:59:06,0,Нет поломки,0
2024-04-05 09:59:06,0,Нет поломки,0
2024-04-06 09:59:06,0,Нет поломки,0
2024-04-07 09:59:06,0,Нет поломки,0
2024-04-08 09:59:06,0,Нет поломки,0
2024-04-09 09:59:06,0,Нет поломки,0
2024-04-10 09:59:06,0,Нет поломки,0
2024-04-11 09:59:06,0,Нет поломки,0
2024-04-12 09:59:06,0,Нет поломки,0
2024-04-13 09:59:06,0,Нет поломки,0
2024-04-14 09:59:06,0,Нет поломки,0
2024-04-15 09:59:06,0,Нет поломки,0
2024-04-16 09:59:06,0,Нет поломки,0
2024-04-17 09:59:06,0,Нет поломки,0
2024-04-18 09:59:06,0,Нет поломки,0
2024-04-19 09:59:06,0,Нет поломки,0
2024-04-20 09:59:06,0,Нет поломки,0
2024-04-21 09:59:06,0,Нет поломки,0
2024-04-22 09:59:06,0,Нет поломки,0
2024-04-23 09:59:06,0,Нет поломки,0
2024-04-24 09:59:06,0,Нет поломки,0
2024-04-25 09:59:06,0,Нет поломки,0
2024-04-26 09:59:06,0,Нет поломки,0
2024-04-27 09:59:06,0,Нет поломки,0
2024-04-28 09:59:06,0,Нет поломки,0
2024-04-29 09:59:06,0,Нет поломки,0
2024-04-30 09:59:06,0,Нет поломки,0
2024-05-01 09:59:06,0,Нет поломки,0
2024-05-02 09:59:06,0,Нет поломки,0
2024-05-03 09:59:06,0,Нет поломки,0
2024-05-04 09:59:06,0,Нет поломки,0
2024-05-05 09:59:06,0,Нет поломки,0
2024-05-06 09:59:06,0,Нет поломки,0
2024-05-07 09:59:06,0,Нет поломки,0
2024-05-08 09:59:06,0,Нет поломки,0
2024-05-09 09:59:06,0,Нет поломки,0
2024-05-10 09:59:06,0,Нет поломки,0
2024-05-11 09:59:06,0,Нет поломки,0
2024-05-12 09:59:06,0,Нет поломки,0
2024-05-13 09:59:06,0,Нет поломки,0
2024-05-14 09:59:06,0,Нет поломки,0
2024-05-15 09:59:06,0,Нет поломки,0
2024-05-16 09:59:06,0,Нет поломки,0
2024-05-17 09:59:06,0,Нет поломки,0
2024-05-18 09:59:06,0,Нет поломки,0
2024-05-19 09:59:06,0,Нет поломки,0
2024-05-20 20:12:33,3,Феродо - №24,1
2024-05-21 20:51:40,13,-,1
2024-05-21 21:05:30,4,-,1
2024-05-21 21:56:41,8,Рычаг наполнителя - №22,1
2024-05-22 21:56:41,0,Нет поломки,0
2024-05-23 21:56:41,0,Нет поломки,0
2024-05-24 21:56:41,0,Нет поломки,0
2024-05-25 21:56:41,0,Нет поломки,0
2024-05-26 21:56:41,0,Нет поломки,0
2024-05-27 21:56:41,0,Нет поломки,0
2024-05-28 21:56:41,0,Нет поломки,0
2024-05-29 21:56:41,0,Нет поломки,0
2024-05-30 21:56:41,0,Нет поломки,0
2024-05-31 21:56:41,0,Нет поломки,0
2024-06-01 21:56:41,0,Нет поломки,0
2024-06-02 21:56:41,0,Нет поломки,0
2024-06-03 21:56:41,0,Нет поломки,0
2024-06-04 21:56:41,0,Нет поломки,0
2024-06-05 21:56:41,0,Нет поломки,0
2024-06-06 21:56:41,0,Нет поломки,0
2024-06-07 21:56:41,0,Нет поломки,0
2024-06-08 21:56:41,0,Нет поломки,0
2024-06-09 21:56:41,0,Нет поломки,0
2024-06-10 21:56:41,0,Нет поломки,0
2024-06-11 21:56:41,0,Нет поломки,0
2024-06-12 21:56:41,0,Нет поломки,0
2024-06-13 21:56:41,0,Нет поломки,0
2024-06-14 21:56:41,0,Нет поломки,0
2024-06-15 21:56:41,0,Нет поломки,0
2024-06-16 21:56:41,0,Нет поломки,0
2024-06-17 21:56:41,0,Нет поломки,0
2024-06-18 21:56:41,0,Нет поломки,0
2024-06-19 21:56:41,0,Нет поломки,0
2024-06-20 21:56:41,0,Нет поломки,0
2024-06-21 21:56:41,0,Нет поломки,0
2024-06-22 21:56:41,0,Нет поломки,0
2024-06-23 21:56:41,0,Нет поломки,0
2024-06-24 21:56:41,0,Нет поломки,0
2024-06-25 21:56:41,0,Нет поломки,0
2024-06-26 21:56:41,0,Нет поломки,0
2024-06-27 21:56:41,0,Нет поломки,0
2024-06-28 21:56:41,0,Нет поломки,0
2024-06-29 21:56:41,0,Нет поломки,0
2024-06-30 21:56:41,0,Нет поломки,0
2024-07-01 21:56:41,0,Нет поломки,0
2024-07-02 21:56:41,0,Нет поломки,0
2024-07-03 21:56:41,0,Нет поломки,0
2024-07-04 21:56:41,0,Нет поломки,0
2024-07-05 21:56:41,0,Нет поломки,0
2024-07-06 21:56:41,0,Нет поломки,0
2024-07-07 21:56:41,0,Нет поломки,0
2024-07-08 21:56:41,0,Нет поломки,0
2024-07-09 21:56:41,0,Нет поломки,0
2024-07-10 21:56:41,0,Нет поломки,0
2024-07-11 21:56:41,0,Нет поломки,0
2024-07-12 21:56:41,0,Нет поломки,0
2024-07-13 21:56:41,0,Нет поломки,0
2024-07-14 21:56:41,0,Нет поломки,0
2024-07-15 21:56:41,0,Нет поломки,0
2024-07-16 21:56:41,0,Нет поломки,0
2024-07-17 21:56:41,0,Нет поломки,0
2024-07-18 21:56:41,0,Нет поломки,0
2024-07-19 21:56:41,0,Нет поломки,0
2024-07-20 21:56:41,0,Нет поломки,0
2024-07-21 21:56:41,0,Нет поломки,0
2024-07-22 21:56:41,0,Нет поломки,0
2024-07-23 21:56:41,0,Нет поломки,0
2024-07-24 21:56:41,0,Нет поломки,0
2024-07-25 21:56:41,0,Нет поломки,0
2024-07-26 21:56:41,0,Нет поломки,0
2024-07-27 21:56:41,0,Нет поломки,0
2024-07-28 21:56:41,0,Нет поломки,0
2024-07-29 21:56:41,0,Нет поломки,0
2024-07-30 21:56:41,0,Нет поломки,0
2024-08-01 20:13:26,29,Датчик на подачу крышки -,1
2024-08-02 20:13:26,0,Нет поломки,0
2024-08-03 20:13:26,0,Нет поломки,0
2024-08-04 20:13:26,0,Нет поломки,0
2024-08-05 20:13:26,0,Нет поломки,0
2024-08-06 20:13:26,0,Нет поломки,0
2024-08-07 20:13:26,0,Нет поломки,0
2024-08-08 20:13:26,0,Нет поломки,0
2024-08-09 20:13:26,0,Нет поломки,0
2024-08-10 20:13:26,0,Нет поломки,0
2024-08-11 20:13:26,0,Нет поломки,0
2024-08-12 20:13:26,0,Нет поломки,0
2024-08-13 20:13:26,0,Нет поломки,0
2024-08-14 20:13:26,0,Нет поломки,0
2024-08-15 20:13:26,0,Нет поломки,0
2024-08-16 20:13:26,0,Нет поломки,0
2024-08-17 20:13:26,0,Нет поломки,0
2024-08-18 21:02:05,2,-,1
2024-08-18 21:46:26,3,-,1
2024-08-19 21:46:26,0,Нет поломки,0
2024-08-20 21:46:26,0,Нет поломки,0
2024-08-21 21:46:26,0,Нет поломки,0
2024-08-22 21:46:26,0,Нет поломки,0
2024-08-23 21:46:26,0,Нет поломки,0
2024-08-24 21:46:26,0,Нет поломки,0
2024-08-25 21:46:26,0,Нет поломки,0
2024-08-26 21:46:26,0,Нет поломки,0
2024-08-27 21:46:26,0,Нет поломки,0
2024-08-28 21:46:26,0,Нет поломки,0
2024-08-29 21:46:26,0,Нет поломки,0
2024-08-30 21:46:26,0,Нет поломки,0
2024-08-31 21:46:26,0,Нет поломки,0
2024-09-01 21:46:26,0,Нет поломки,0
2024-09-02 21:46:26,0,Нет поломки,0
2024-09-03 21:46:26,0,Нет поломки,0
2024-09-04 21:46:26,0,Нет поломки,0
2024-09-05 21:46:26,0,Нет поломки,0
2024-09-06 21:46:26,0,Нет поломки,0
2024-09-07 21:46:26,0,Нет поломки,0
2024-09-08 21:46:26,0,Нет поломки,0
2024-09-09 21:46:26,0,Нет поломки,0
2024-09-10 21:46:26,0,Нет поломки,0
2024-09-11 21:46:26,0,Нет поломки,0
2024-09-12 21:46:26,0,Нет поломки,0
2024-09-13 21:46:26,0,Нет поломки,0
2024-09-14 21:46:26,0,Нет поломки,0
2024-09-15 21:46:26,0,Нет поломки,0
2024-09-17 05:33:49,4,Тормозная пластина - №33,1
2024-09-17 05:55:04,4,Тормозная пластина - №22,1
2024-09-19 00:21:31,6,Тормозная пластина - №63,1
2024-09-19 00:30:19,5,Дроссель - №33,1
2024-09-20 00:30:19,0,Нет поломки,0
2024-09-21 00:30:19,0,Нет поломки,0
2024-09-22 00:30:19,0,Нет поломки,0
2024-09-23 00:30:19,0,Нет поломки,0
2024-09-24 00:30:19,0,Нет поломки,0
2024-09-25 00:30:19,0,Нет поломки,0
2024-09-26 00:30:19,0,Нет поломки,0
2024-09-27 00:30:19,0,Нет поломки,0
2024-09-28 16:02:21,79,-,1
2024-09-29 16:02:21,0,Нет поломки,0
2024-09-30 16:02:21,0,Нет поломки,0
2024-10-01 16:02:21,0,Нет поломки,0
2024-10-02 16:02:21,0,Нет поломки,0
2024-10-03 16:02:21,0,Нет поломки,0
2024-10-04 16:02:21,0,Нет поломки,0
2024-10-05 16:02:21,0,Нет поломки,0
2024-10-06 16:02:21,0,Нет поломки,0
2024-10-07 16:02:21,0,Нет поломки,0
2024-10-08 16:02:21,0,Нет поломки,0
2024-10-09 16:02:21,0,Нет поломки,0
2024-10-10 16:02:21,0,Нет поломки,0
2024-10-11 16:02:21,0,Нет поломки,0
2024-10-12 16:02:21,0,Нет поломки,0
2024-10-13 16:02:21,0,Нет поломки,0
2024-10-14 16:02:21,0,Нет поломки,0
2024-10-16 13:50:07,6,"Тормозная пластина - №24, 35, 101",1
2024-10-17 13:50:07,0,Нет поломки,0
2024-10-18 13:50:07,0,Нет поломки,0
2024-10-19 13:50:07,0,Нет поломки,0
2024-10-20 13:50:07,0,Нет поломки,0
2024-10-21 13:50:07,0,Нет поломки,0
2024-10-22 13:50:07,0,Нет поломки,0
2024-10-23 13:50:07,0,Нет поломки,0
2024-10-24 13:50:07,0,Нет поломки,0
2024-10-25 13:50:07,0,Нет поломки,0
2024-10-26 13:50:07,0,Нет поломки,0
2024-10-27 13:50:07,0,Нет поломки,0
2024-10-28 13:50:07,0,Нет поломки,0
2024-10-29 13:50:07,0,Нет поломки,0
2024-10-30 13:50:07,0,Нет поломки,0
2024-10-31 13:50:07,0,Нет поломки,0
2024-11-01 13:50:07,0,Нет поломки,0
2024-11-02 13:50:07,0,Нет поломки,0
2024-11-03 16:33:49,3,Тормозная пластина -,1
2024-11-03 17:04:31,2,Тормозная пластина -,1
2024-11-03 17:09:57,5,Дроссель -,1
2024-11-03 17:33:49,2,Тормозная пластина -,1
2024-11-03 17:39:13,4,Тормозная пластина -,1
2024-11-04 16:04:20,3,Тормозная пластина - №10,1
2024-11-04 19:15:34,2,Тормозная пластина - №66,1
2024-11-05 09:48:48,3,Тормозная пластина -,1
2024-11-06 09:48:48,0,Нет поломки,0
2024-11-07 09:48:48,0,Нет поломки,0
2024-11-08 09:48:48,0,Нет поломки,0
2024-11-09 09:48:48,0,Нет поломки,0
2024-11-10 09:48:48,0,Нет поломки,0
2024-11-11 09:48:48,0,Нет поломки,0
2024-11-12 09:48:48,0,Нет поломки,0
2024-11-13 09:48:48,0,Нет поломки,0
2024-11-14 09:48:48,0,Нет поломки,0
2024-11-15 09:48:48,0,Нет поломки,0
2024-11-16 09:48:48,0,Нет поломки,0
2024-11-17 09:48:48,0,Нет поломки,0
2024-11-18 09:48:48,0,Нет поломки,0
2024-11-19 09:48:48,0,Нет поломки,0
2024-11-21 03:12:49,4,-,1
2024-11-21 03:24:45,4,-,1
